id,label
000001,truck
000002,automobile
000003,dog
000004,frog
000005,dog
000006,horse
000007,frog
000008,truck
000009,horse
000010,frog
000011,bird
000012,frog
000013,horse
000014,frog
000015,frog
000016,ship
000017,frog
000018,deer
000019,ship
000020,bird
000021,dog
000022,automobile
000023,horse
000024,deer
000025,ship
000026,frog
000027,horse
000028,truck
000029,ship
000030,frog
000031,horse
000032,airplane
000033,airplane
000034,ship
000035,truck
000036,automobile
000037,truck
000038,ship
000039,truck
000040,ship
000041,dog
000042,ship
000043,airplane
000044,horse
000045,horse
000046,ship
000047,deer
000048,horse
000049,truck
000050,cat
000051,ship
000052,frog
000053,truck
000054,truck
000055,frog
000056,automobile
000057,horse
000058,ship
000059,horse
000060,frog
000061,dog
000062,frog
000063,truck
000064,frog
000065,horse
000066,truck
000067,horse
000068,ship
000069,ship
000070,truck
000071,ship
000072,automobile
000073,automobile
000074,deer
000075,horse
000076,frog
000077,deer
000078,automobile
000079,truck
000080,horse
000081,ship
000082,truck
000083,airplane
000084,deer
000085,horse
000086,ship
000087,truck
000088,frog
000089,horse
000090,bird
000091,truck
000092,frog
000093,horse
000094,frog
000095,automobile
000096,truck
000097,frog
000098,deer
000099,horse
000100,frog
000101,deer
000102,frog
000103,airplane
000104,dog
000105,airplane
000106,ship
000107,horse
000108,ship
000109,deer
000110,frog
000111,dog
000112,frog
000113,ship
000114,frog
000115,bird
000116,bird
000117,ship
000118,horse
000119,horse
000120,ship
000121,frog
000122,horse
000123,horse
000124,ship
000125,frog
000126,truck
000127,truck
000128,frog
000129,frog
000130,frog
000131,frog
000132,ship
000133,horse
000134,ship
000135,deer
000136,horse
000137,truck
000138,bird
000139,dog
000140,automobile
000141,ship
000142,bird
000143,deer
000144,ship
000145,bird
000146,horse
000147,airplane
000148,ship
000149,deer
000150,horse
000151,deer
000152,automobile
000153,truck
000154,frog
000155,truck
000156,frog
000157,dog
000158,ship
000159,automobile
000160,truck
000161,ship
000162,truck
000163,truck
000164,cat
000165,truck
000166,truck
000167,ship
000168,frog
000169,frog
000170,frog
000171,truck
000172,ship
000173,frog
000174,ship
000175,bird
000176,bird
000177,horse
000178,frog
000179,truck
000180,truck
000181,horse
000182,horse
000183,horse
000184,truck
000185,frog
000186,truck
000187,ship
000188,airplane
000189,automobile
000190,deer
000191,deer
000192,bird
000193,airplane
000194,horse
000195,frog
000196,frog
000197,truck
000198,horse
000199,ship
000200,frog
000201,truck
000202,frog
000203,truck
000204,truck
000205,horse
000206,truck
000207,truck
000208,ship
000209,bird
000210,horse
000211,horse
000212,horse
000213,truck
000214,dog
000215,cat
000216,dog
000217,frog
000218,truck
000219,frog
000220,truck
000221,frog
000222,truck
000223,deer
000224,frog
000225,frog
000226,automobile
000227,truck
000228,truck
000229,horse
000230,deer
000231,truck
000232,dog
000233,ship
000234,automobile
000235,bird
000236,ship
000237,bird
000238,ship
000239,frog
000240,truck
000241,horse
000242,truck
000243,bird
000244,deer
000245,horse
000246,truck
000247,frog
000248,truck
000249,truck
000250,frog
000251,airplane
000252,deer
000253,ship
000254,ship
000255,ship
000256,frog
000257,frog
000258,frog
000259,horse
000260,dog
000261,truck
000262,truck
000263,automobile
000264,truck
000265,bird
000266,truck
000267,truck
000268,truck
000269,automobile
000270,deer
000271,ship
000272,deer
000273,airplane
000274,truck
000275,automobile
000276,frog
000277,ship
000278,airplane
000279,truck
000280,ship
000281,ship
000282,truck
000283,truck
000284,truck
000285,dog
000286,horse
000287,frog
000288,horse
000289,frog
000290,dog
000291,ship
000292,ship
000293,truck
000294,frog
000295,truck
000296,deer
000297,frog
000298,horse
000299,frog
000300,frog
000301,truck
000302,horse
000303,horse
000304,deer
000305,ship
000306,ship
000307,truck
000308,frog
000309,ship
000310,ship
000311,frog
000312,frog
000313,truck
000314,frog
000315,frog
000316,truck
000317,automobile
000318,frog
000319,truck
000320,horse
000321,horse
000322,ship
000323,ship
000324,ship
000325,horse
000326,cat
000327,horse
000328,ship
000329,horse
000330,ship
000331,frog
000332,ship
000333,bird
000334,frog
000335,frog
000336,truck
000337,truck
000338,dog
000339,dog
000340,ship
000341,ship
000342,frog
000343,horse
000344,truck
000345,ship
000346,truck
000347,frog
000348,ship
000349,frog
000350,ship
000351,airplane
000352,truck
000353,deer
000354,horse
000355,frog
000356,ship
000357,truck
000358,truck
000359,deer
000360,horse
000361,frog
000362,automobile
000363,truck
000364,horse
000365,ship
000366,horse
000367,truck
000368,truck
000369,truck
000370,cat
000371,frog
000372,deer
000373,frog
000374,bird
000375,dog
000376,truck
000377,horse
000378,frog
000379,truck
000380,dog
000381,ship
000382,horse
000383,truck
000384,truck
000385,dog
000386,frog
000387,deer
000388,truck
000389,automobile
000390,frog
000391,frog
000392,ship
000393,horse
000394,automobile
000395,truck
000396,automobile
000397,deer
000398,dog
000399,horse
000400,truck
000401,ship
000402,truck
000403,horse
000404,ship
000405,frog
000406,ship
000407,horse
000408,automobile
000409,truck
000410,frog
000411,automobile
000412,airplane
000413,truck
000414,bird
000415,ship
000416,frog
000417,frog
000418,ship
000419,ship
000420,frog
000421,ship
000422,truck
000423,frog
000424,deer
000425,ship
000426,truck
000427,frog
000428,ship
000429,truck
000430,bird
000431,airplane
000432,frog
000433,horse
000434,ship
000435,deer
000436,horse
000437,horse
000438,horse
000439,dog
000440,dog
000441,ship
000442,truck
000443,frog
000444,cat
000445,deer
000446,frog
000447,frog
000448,horse
000449,horse
000450,ship
000451,truck
000452,truck
000453,truck
000454,ship
000455,ship
000456,ship
000457,frog
000458,bird
000459,frog
000460,frog
000461,truck
000462,truck
000463,frog
000464,truck
000465,horse
000466,horse
000467,truck
000468,horse
000469,horse
000470,deer
000471,truck
000472,truck
000473,automobile
000474,ship
000475,horse
000476,deer
000477,truck
000478,ship
000479,frog
000480,frog
000481,ship
000482,bird
000483,truck
000484,horse
000485,ship
000486,horse
000487,airplane
000488,airplane
000489,dog
000490,truck
000491,dog
000492,airplane
000493,horse
000494,ship
000495,horse
000496,frog
000497,truck
000498,automobile
000499,frog
000500,airplane
000501,horse
000502,ship
000503,truck
000504,dog
000505,ship
000506,truck
000507,truck
000508,horse
000509,truck
000510,truck
000511,truck
000512,frog
000513,ship
000514,ship
000515,frog
000516,frog
000517,frog
000518,ship
000519,frog
000520,ship
000521,ship
000522,ship
000523,ship
000524,ship
000525,ship
000526,dog
000527,horse
000528,frog
000529,ship
000530,truck
000531,truck
000532,frog
000533,truck
000534,deer
000535,ship
000536,automobile
000537,ship
000538,frog
000539,bird
000540,ship
000541,truck
000542,deer
000543,automobile
000544,horse
000545,horse
000546,horse
000547,frog
000548,ship
000549,truck
000550,horse
000551,truck
000552,dog
000553,truck
000554,frog
000555,automobile
000556,horse
000557,truck
000558,truck
000559,ship
000560,truck
000561,truck
000562,truck
000563,ship
000564,frog
000565,frog
000566,dog
000567,deer
000568,dog
000569,dog
000570,frog
000571,frog
000572,airplane
000573,airplane
000574,horse
000575,truck
000576,horse
000577,frog
000578,truck
000579,frog
000580,bird
000581,truck
000582,bird
000583,ship
000584,truck
000585,ship
000586,ship
000587,automobile
000588,horse
000589,frog
000590,truck
000591,truck
000592,frog
000593,ship
000594,frog
000595,truck
000596,frog
000597,truck
000598,frog
000599,truck
000600,horse
000601,deer
000602,truck
000603,frog
000604,horse
000605,horse
000606,truck
000607,dog
000608,frog
000609,truck
000610,horse
000611,horse
000612,ship
000613,horse
000614,ship
000615,frog
000616,frog
000617,frog
000618,horse
000619,airplane
000620,ship
000621,truck
000622,horse
000623,bird
000624,ship
000625,ship
000626,frog
000627,truck
000628,truck
000629,frog
000630,ship
000631,deer
000632,horse
000633,truck
000634,frog
000635,truck
000636,frog
000637,horse
000638,frog
000639,ship
000640,frog
000641,frog
000642,truck
000643,dog
000644,truck
000645,frog
000646,airplane
000647,airplane
000648,frog
000649,ship
000650,dog
000651,frog
000652,ship
000653,frog
000654,ship
000655,truck
000656,airplane
000657,dog
000658,frog
000659,dog
000660,frog
000661,truck
000662,ship
000663,frog
000664,ship
000665,automobile
000666,frog
000667,horse
000668,ship
000669,truck
000670,frog
000671,frog
000672,airplane
000673,ship
000674,automobile
000675,horse
000676,ship
000677,truck
000678,ship
000679,frog
000680,truck
000681,horse
000682,ship
000683,deer
000684,automobile
000685,ship
000686,truck
000687,horse
000688,truck
000689,deer
000690,automobile
000691,frog
000692,frog
000693,bird
000694,frog
000695,dog
000696,ship
000697,bird
000698,horse
000699,truck
000700,truck
000701,frog
000702,dog
000703,horse
000704,frog
000705,frog
000706,horse
000707,deer
000708,dog
000709,truck
000710,airplane
000711,automobile
000712,horse
000713,frog
000714,frog
000715,truck
000716,dog
000717,horse
000718,truck
000719,truck
000720,horse
000721,truck
000722,frog
000723,deer
000724,truck
000725,horse
000726,frog
000727,truck
000728,frog
000729,automobile
000730,airplane
000731,ship
000732,truck
000733,frog
000734,frog
000735,ship
000736,truck
000737,truck
000738,frog
000739,truck
000740,airplane
000741,frog
000742,bird
000743,ship
000744,automobile
000745,truck
000746,deer
000747,ship
000748,ship
000749,dog
000750,truck
000751,frog
000752,truck
000753,ship
000754,deer
000755,deer
000756,frog
000757,frog
000758,frog
000759,dog
000760,truck
000761,ship
000762,truck
000763,airplane
000764,dog
000765,dog
000766,ship
000767,dog
000768,ship
000769,horse
000770,frog
000771,frog
000772,horse
000773,horse
000774,frog
000775,ship
000776,deer
000777,horse
000778,frog
000779,deer
000780,horse
000781,truck
000782,truck
000783,horse
000784,airplane
000785,frog
000786,frog
000787,airplane
000788,frog
000789,truck
000790,truck
000791,truck
000792,horse
000793,deer
000794,ship
000795,deer
000796,truck
000797,truck
000798,ship
000799,ship
000800,ship
000801,ship
000802,automobile
000803,dog
000804,dog
000805,bird
000806,frog
000807,truck
000808,automobile
000809,frog
000810,automobile
000811,truck
000812,frog
000813,truck
000814,frog
000815,ship
000816,automobile
000817,bird
000818,horse
000819,ship
000820,horse
000821,truck
000822,truck
000823,ship
000824,dog
000825,airplane
000826,deer
000827,horse
000828,bird
000829,bird
000830,ship
000831,frog
000832,dog
000833,truck
000834,dog
000835,frog
000836,truck
000837,truck
000838,truck
000839,deer
000840,frog
000841,truck
000842,ship
000843,airplane
000844,deer
000845,frog
000846,frog
000847,horse
000848,truck
000849,truck
000850,ship
000851,horse
000852,airplane
000853,frog
000854,horse
000855,truck
000856,truck
000857,deer
000858,horse
000859,automobile
000860,horse
000861,horse
000862,ship
000863,truck
000864,deer
000865,frog
000866,frog
000867,truck
000868,truck
000869,ship
000870,deer
000871,frog
000872,truck
000873,horse
000874,deer
000875,dog
000876,ship
000877,ship
000878,bird
000879,truck
000880,dog
000881,horse
000882,ship
000883,frog
000884,frog
000885,horse
000886,truck
000887,truck
000888,truck
000889,truck
000890,dog
000891,truck
000892,frog
000893,dog
000894,dog
000895,truck
000896,truck
000897,horse
000898,ship
000899,horse
000900,ship
000901,automobile
000902,automobile
000903,ship
000904,truck
000905,airplane
000906,truck
000907,truck
000908,horse
000909,ship
000910,frog
000911,truck
000912,ship
000913,horse
000914,horse
000915,deer
000916,dog
000917,horse
000918,horse
000919,truck
000920,horse
000921,horse
000922,truck
000923,ship
000924,ship
000925,truck
000926,automobile
000927,truck
000928,automobile
000929,dog
000930,truck
000931,cat
000932,truck
000933,dog
000934,ship
000935,truck
000936,bird
000937,truck
000938,ship
000939,frog
000940,frog
000941,truck
000942,ship
000943,deer
000944,truck
000945,ship
000946,truck
000947,ship
000948,airplane
000949,frog
000950,automobile
000951,frog
000952,frog
000953,airplane
000954,frog
000955,dog
000956,ship
000957,truck
000958,ship
000959,ship
000960,ship
000961,truck
000962,truck
000963,truck
000964,truck
000965,truck
000966,automobile
000967,truck
000968,frog
000969,frog
000970,ship
000971,frog
000972,deer
000973,automobile
000974,airplane
000975,frog
000976,ship
000977,automobile
000978,frog
000979,frog
000980,frog
000981,truck
000982,automobile
000983,horse
000984,horse
000985,truck
000986,horse
000987,deer
000988,ship
000989,automobile
000990,frog
000991,truck
000992,ship
000993,ship
000994,cat
000995,cat
000996,truck
000997,airplane
000998,frog
000999,automobile
001000,truck
001001,horse
001002,frog
001003,horse
001004,truck
001005,truck
001006,frog
001007,frog
001008,deer
001009,frog
001010,ship
001011,horse
001012,deer
001013,frog
001014,deer
001015,truck
001016,ship
001017,frog
001018,horse
001019,truck
001020,horse
001021,dog
001022,truck
001023,automobile
001024,frog
001025,deer
001026,frog
001027,frog
001028,bird
001029,horse
001030,horse
001031,ship
001032,bird
001033,truck
001034,truck
001035,bird
001036,ship
001037,ship
001038,ship
001039,deer
001040,truck
001041,truck
001042,horse
001043,truck
001044,truck
001045,airplane
001046,dog
001047,frog
001048,truck
001049,horse
001050,deer
001051,ship
001052,horse
001053,ship
001054,truck
001055,truck
001056,frog
001057,dog
001058,ship
001059,horse
001060,frog
001061,deer
001062,ship
001063,truck
001064,horse
001065,dog
001066,truck
001067,deer
001068,airplane
001069,frog
001070,bird
001071,frog
001072,truck
001073,automobile
001074,ship
001075,truck
001076,truck
001077,cat
001078,frog
001079,ship
001080,automobile
001081,frog
001082,frog
001083,bird
001084,deer
001085,truck
001086,truck
001087,ship
001088,frog
001089,truck
001090,truck
001091,truck
001092,horse
001093,horse
001094,horse
001095,frog
001096,ship
001097,airplane
001098,horse
001099,truck
001100,ship
001101,truck
001102,truck
001103,truck
001104,horse
001105,dog
001106,ship
001107,ship
001108,ship
001109,ship
001110,truck
001111,frog
001112,bird
001113,ship
001114,horse
001115,deer
001116,horse
001117,truck
001118,ship
001119,ship
001120,airplane
001121,deer
001122,dog
001123,ship
001124,frog
001125,truck
001126,horse
001127,automobile
001128,bird
001129,truck
001130,truck
001131,truck
001132,ship
001133,frog
001134,automobile
001135,truck
001136,dog
001137,bird
001138,dog
001139,dog
001140,frog
001141,truck
001142,dog
001143,ship
001144,horse
001145,deer
001146,bird
001147,horse
001148,horse
001149,ship
001150,dog
001151,horse
001152,frog
001153,automobile
001154,horse
001155,truck
001156,truck
001157,frog
001158,horse
001159,horse
001160,bird
001161,truck
001162,ship
001163,ship
001164,frog
001165,frog
001166,frog
001167,bird
001168,ship
001169,truck
001170,deer
001171,deer
001172,ship
001173,automobile
001174,truck
001175,automobile
001176,frog
001177,frog
001178,frog
001179,frog
001180,frog
001181,frog
001182,truck
001183,horse
001184,ship
001185,frog
001186,truck
001187,frog
001188,frog
001189,truck
001190,frog
001191,truck
001192,truck
001193,horse
001194,frog
001195,dog
001196,automobile
001197,deer
001198,bird
001199,automobile
001200,horse
001201,ship
001202,ship
001203,automobile
001204,deer
001205,horse
001206,dog
001207,frog
001208,ship
001209,horse
001210,ship
001211,horse
001212,airplane
001213,frog
001214,frog
001215,frog
001216,truck
001217,frog
001218,horse
001219,ship
001220,automobile
001221,deer
001222,truck
001223,ship
001224,horse
001225,horse
001226,truck
001227,ship
001228,horse
001229,truck
001230,truck
001231,frog
001232,horse
001233,frog
001234,horse
001235,truck
001236,frog
001237,ship
001238,truck
001239,ship
001240,ship
001241,airplane
001242,truck
001243,bird
001244,frog
001245,ship
001246,ship
001247,ship
001248,airplane
001249,ship
001250,truck
001251,truck
001252,truck
001253,ship
001254,deer
001255,dog
001256,ship
001257,dog
001258,frog
001259,truck
001260,truck
001261,ship
001262,ship
001263,frog
001264,frog
001265,ship
001266,frog
001267,truck
001268,frog
001269,horse
001270,automobile
001271,ship
001272,automobile
001273,truck
001274,bird
001275,bird
001276,truck
001277,dog
001278,truck
001279,truck
001280,horse
001281,horse
001282,frog
001283,frog
001284,truck
001285,horse
001286,automobile
001287,horse
001288,deer
001289,ship
001290,truck
001291,truck
001292,deer
001293,ship
001294,ship
001295,ship
001296,frog
001297,automobile
001298,deer
001299,airplane
001300,truck
001301,dog
001302,dog
001303,truck
001304,horse
001305,deer
001306,frog
001307,horse
001308,bird
001309,ship
001310,frog
001311,truck
001312,horse
001313,frog
001314,truck
001315,deer
001316,ship
001317,truck
001318,horse
001319,deer
001320,airplane
001321,bird
001322,truck
001323,frog
001324,truck
001325,truck
001326,ship
001327,truck
001328,frog
001329,frog
001330,truck
001331,horse
001332,truck
001333,ship
001334,frog
001335,truck
001336,truck
001337,deer
001338,truck
001339,deer
001340,truck
001341,truck
001342,deer
001343,truck
001344,deer
001345,horse
001346,frog
001347,horse
001348,truck
001349,deer
001350,ship
001351,ship
001352,ship
001353,truck
001354,truck
001355,truck
001356,truck
001357,truck
001358,automobile
001359,ship
001360,ship
001361,truck
001362,truck
001363,truck
001364,truck
001365,truck
001366,frog
001367,deer
001368,horse
001369,airplane
001370,bird
001371,frog
001372,dog
001373,frog
001374,frog
001375,horse
001376,horse
001377,ship
001378,ship
001379,frog
001380,deer
001381,truck
001382,horse
001383,frog
001384,ship
001385,airplane
001386,ship
001387,horse
001388,deer
001389,ship
001390,truck
001391,horse
001392,truck
001393,ship
001394,ship
001395,horse
001396,frog
001397,frog
001398,airplane
001399,frog
001400,truck
001401,automobile
001402,truck
001403,truck
001404,truck
001405,ship
001406,ship
001407,frog
001408,horse
001409,ship
001410,truck
001411,horse
001412,truck
001413,truck
001414,frog
001415,dog
001416,bird
001417,ship
001418,bird
001419,horse
001420,dog
001421,truck
001422,deer
001423,truck
001424,horse
001425,frog
001426,frog
001427,deer
001428,ship
001429,truck
001430,ship
001431,frog
001432,dog
001433,deer
001434,horse
001435,truck
001436,frog
001437,deer
001438,horse
001439,horse
001440,truck
001441,bird
001442,truck
001443,ship
001444,truck
001445,truck
001446,truck
001447,ship
001448,automobile
001449,ship
001450,frog
001451,airplane
001452,deer
001453,bird
001454,truck
001455,deer
001456,ship
001457,truck
001458,truck
001459,airplane
001460,horse
001461,frog
001462,ship
001463,ship
001464,airplane
001465,ship
001466,truck
001467,ship
001468,frog
001469,deer
001470,truck
001471,truck
001472,truck
001473,automobile
001474,ship
001475,truck
001476,truck
001477,deer
001478,horse
001479,frog
001480,ship
001481,deer
001482,truck
001483,dog
001484,truck
001485,dog
001486,frog
001487,frog
001488,frog
001489,horse
001490,truck
001491,ship
001492,truck
001493,frog
001494,truck
001495,frog
001496,automobile
001497,frog
001498,frog
001499,frog
001500,frog
001501,automobile
001502,airplane
001503,ship
001504,truck
001505,truck
001506,deer
001507,deer
001508,deer
001509,ship
001510,ship
001511,ship
001512,ship
001513,horse
001514,bird
001515,ship
001516,truck
001517,horse
001518,truck
001519,frog
001520,frog
001521,airplane
001522,deer
001523,truck
001524,truck
001525,truck
001526,truck
001527,truck
001528,deer
001529,horse
001530,truck
001531,airplane
001532,bird
001533,truck
001534,truck
001535,frog
001536,bird
001537,deer
001538,horse
001539,truck
001540,horse
001541,frog
001542,automobile
001543,horse
001544,bird
001545,ship
001546,truck
001547,frog
001548,truck
001549,truck
001550,dog
001551,frog
001552,deer
001553,deer
001554,cat
001555,horse
001556,cat
001557,horse
001558,truck
001559,horse
001560,automobile
001561,truck
001562,deer
001563,truck
001564,horse
001565,truck
001566,horse
001567,horse
001568,ship
001569,airplane
001570,automobile
001571,truck
001572,ship
001573,ship
001574,deer
001575,airplane
001576,horse
001577,frog
001578,bird
001579,ship
001580,truck
001581,truck
001582,truck
001583,horse
001584,truck
001585,truck
001586,truck
001587,deer
001588,automobile
001589,frog
001590,truck
001591,truck
001592,ship
001593,truck
001594,airplane
001595,horse
001596,ship
001597,truck
001598,ship
001599,automobile
001600,truck
001601,bird
001602,automobile
001603,airplane
001604,frog
001605,truck
001606,horse
001607,truck
001608,truck
001609,truck
001610,truck
001611,horse
001612,truck
001613,truck
001614,truck
001615,automobile
001616,ship
001617,automobile
001618,horse
001619,deer
001620,horse
001621,truck
001622,frog
001623,ship
001624,bird
001625,frog
001626,frog
001627,horse
001628,ship
001629,ship
001630,frog
001631,frog
001632,ship
001633,frog
001634,truck
001635,deer
001636,frog
001637,ship
001638,dog
001639,frog
001640,truck
001641,ship
001642,frog
001643,horse
001644,horse
001645,frog
001646,truck
001647,airplane
001648,truck
001649,truck
001650,ship
001651,truck
001652,automobile
001653,deer
001654,ship
001655,bird
001656,ship
001657,frog
001658,horse
001659,dog
001660,bird
001661,truck
001662,truck
001663,horse
001664,bird
001665,ship
001666,truck
001667,frog
001668,horse
001669,frog
001670,truck
001671,dog
001672,ship
001673,ship
001674,automobile
001675,airplane
001676,bird
001677,deer
001678,cat
001679,horse
001680,bird
001681,ship
001682,frog
001683,frog
001684,cat
001685,horse
001686,automobile
001687,horse
001688,truck
001689,horse
001690,truck
001691,dog
001692,truck
001693,deer
001694,truck
001695,horse
001696,ship
001697,bird
001698,truck
001699,truck
001700,dog
001701,automobile
001702,ship
001703,horse
001704,horse
001705,truck
001706,frog
001707,truck
001708,horse
001709,truck
001710,airplane
001711,airplane
001712,deer
001713,truck
001714,deer
001715,horse
001716,frog
001717,frog
001718,bird
001719,deer
001720,truck
001721,ship
001722,cat
001723,frog
001724,horse
001725,truck
001726,frog
001727,truck
001728,truck
001729,frog
001730,truck
001731,automobile
001732,horse
001733,truck
001734,ship
001735,horse
001736,automobile
001737,frog
001738,horse
001739,airplane
001740,bird
001741,ship
001742,ship
001743,truck
001744,airplane
001745,ship
001746,bird
001747,truck
001748,bird
001749,frog
001750,frog
001751,deer
001752,ship
001753,truck
001754,ship
001755,ship
001756,truck
001757,ship
001758,horse
001759,dog
001760,dog
001761,ship
001762,truck
001763,ship
001764,truck
001765,dog
001766,truck
001767,dog
001768,ship
001769,horse
001770,horse
001771,frog
001772,horse
001773,truck
001774,horse
001775,truck
001776,horse
001777,truck
001778,truck
001779,frog
001780,bird
001781,dog
001782,truck
001783,ship
001784,horse
001785,horse
001786,frog
001787,frog
001788,ship
001789,horse
001790,truck
001791,automobile
001792,automobile
001793,ship
001794,horse
001795,deer
001796,ship
001797,horse
001798,frog
001799,truck
001800,truck
001801,frog
001802,ship
001803,truck
001804,truck
001805,truck
001806,bird
001807,dog
001808,horse
001809,frog
001810,deer
001811,horse
001812,ship
001813,truck
001814,horse
001815,horse
001816,dog
001817,truck
001818,bird
001819,cat
001820,ship
001821,horse
001822,dog
001823,truck
001824,automobile
001825,horse
001826,frog
001827,ship
001828,dog
001829,ship
001830,ship
001831,deer
001832,truck
001833,truck
001834,truck
001835,frog
001836,horse
001837,truck
001838,bird
001839,truck
001840,ship
001841,horse
001842,dog
001843,truck
001844,frog
001845,truck
001846,bird
001847,automobile
001848,truck
001849,horse
001850,truck
001851,truck
001852,truck
001853,truck
001854,horse
001855,horse
001856,ship
001857,automobile
001858,ship
001859,horse
001860,ship
001861,ship
001862,bird
001863,truck
001864,deer
001865,bird
001866,truck
001867,truck
001868,truck
001869,automobile
001870,airplane
001871,deer
001872,truck
001873,truck
001874,frog
001875,ship
001876,frog
001877,truck
001878,frog
001879,automobile
001880,truck
001881,truck
001882,bird
001883,truck
001884,ship
001885,ship
001886,frog
001887,horse
001888,truck
001889,ship
001890,horse
001891,ship
001892,horse
001893,truck
001894,deer
001895,ship
001896,deer
001897,truck
001898,frog
001899,horse
001900,ship
001901,ship
001902,horse
001903,truck
001904,ship
001905,automobile
001906,horse
001907,automobile
001908,truck
001909,ship
001910,ship
001911,frog
001912,dog
001913,truck
001914,ship
001915,horse
001916,bird
001917,airplane
001918,airplane
001919,automobile
001920,frog
001921,automobile
001922,deer
001923,deer
001924,horse
001925,frog
001926,airplane
001927,truck
001928,deer
001929,frog
001930,ship
001931,horse
001932,truck
001933,ship
001934,truck
001935,frog
001936,frog
001937,truck
001938,frog
001939,ship
001940,truck
001941,horse
001942,automobile
001943,ship
001944,horse
001945,automobile
001946,frog
001947,truck
001948,horse
001949,ship
001950,frog
001951,horse
001952,truck
001953,truck
001954,horse
001955,ship
001956,frog
001957,automobile
001958,dog
001959,truck
001960,ship
001961,frog
001962,truck
001963,truck
001964,deer
001965,bird
001966,dog
001967,airplane
001968,horse
001969,horse
001970,truck
001971,horse
001972,frog
001973,truck
001974,frog
001975,automobile
001976,ship
001977,ship
001978,frog
001979,automobile
001980,truck
001981,truck
001982,frog
001983,automobile
001984,horse
001985,horse
001986,truck
001987,bird
001988,ship
001989,horse
001990,frog
001991,deer
001992,frog
001993,truck
001994,truck
001995,ship
001996,ship
001997,truck
001998,truck
001999,horse
002000,airplane
002001,truck
002002,horse
002003,dog
002004,horse
002005,ship
002006,ship
002007,horse
002008,horse
002009,deer
002010,airplane
002011,frog
002012,ship
002013,truck
002014,ship
002015,truck
002016,truck
002017,horse
002018,deer
002019,ship
002020,truck
002021,truck
002022,frog
002023,ship
002024,bird
002025,truck
002026,dog
002027,truck
002028,frog
002029,ship
002030,dog
002031,truck
002032,ship
002033,ship
002034,dog
002035,airplane
002036,truck
002037,truck
002038,ship
002039,automobile
002040,ship
002041,truck
002042,horse
002043,truck
002044,horse
002045,truck
002046,truck
002047,truck
002048,horse
002049,frog
002050,truck
002051,dog
002052,truck
002053,truck
002054,airplane
002055,automobile
002056,ship
002057,ship
002058,frog
002059,truck
002060,ship
002061,ship
002062,deer
002063,ship
002064,ship
002065,deer
002066,airplane
002067,deer
002068,truck
002069,automobile
002070,horse
002071,truck
002072,horse
002073,truck
002074,frog
002075,truck
002076,frog
002077,frog
002078,truck
002079,dog
002080,automobile
002081,automobile
002082,frog
002083,horse
002084,horse
002085,ship
002086,frog
002087,frog
002088,automobile
002089,truck
002090,truck
002091,horse
002092,automobile
002093,frog
002094,truck
002095,frog
002096,automobile
002097,airplane
002098,horse
002099,truck
002100,dog
002101,truck
002102,truck
002103,ship
002104,truck
002105,horse
002106,frog
002107,frog
002108,horse
002109,truck
002110,dog
002111,horse
002112,truck
002113,dog
002114,horse
002115,frog
002116,deer
002117,frog
002118,horse
002119,truck
002120,automobile
002121,truck
002122,frog
002123,deer
002124,truck
002125,horse
002126,bird
002127,truck
002128,frog
002129,automobile
002130,truck
002131,cat
002132,truck
002133,truck
002134,automobile
002135,deer
002136,frog
002137,truck
002138,horse
002139,horse
002140,automobile
002141,ship
002142,deer
002143,deer
002144,frog
002145,ship
002146,truck
002147,ship
002148,deer
002149,horse
002150,frog
002151,ship
002152,dog
002153,frog
002154,ship
002155,frog
002156,bird
002157,ship
002158,truck
002159,truck
002160,airplane
002161,horse
002162,truck
002163,truck
002164,truck
002165,automobile
002166,deer
002167,deer
002168,truck
002169,truck
002170,frog
002171,automobile
002172,truck
002173,truck
002174,airplane
002175,automobile
002176,frog
002177,automobile
002178,dog
002179,horse
002180,automobile
002181,truck
002182,truck
002183,horse
002184,deer
002185,deer
002186,truck
002187,bird
002188,truck
002189,truck
002190,automobile
002191,frog
002192,truck
002193,ship
002194,deer
002195,truck
002196,truck
002197,dog
002198,deer
002199,frog
002200,ship
002201,horse
002202,ship
002203,horse
002204,frog
002205,truck
002206,airplane
002207,horse
002208,horse
002209,ship
002210,truck
002211,horse
002212,ship
002213,automobile
002214,horse
002215,horse
002216,ship
002217,truck
002218,truck
002219,horse
002220,automobile
002221,frog
002222,ship
002223,bird
002224,automobile
002225,ship
002226,truck
002227,truck
002228,ship
002229,ship
002230,frog
002231,truck
002232,horse
002233,horse
002234,frog
002235,truck
002236,deer
002237,frog
002238,truck
002239,dog
002240,frog
002241,truck
002242,truck
002243,ship
002244,horse
002245,horse
002246,truck
002247,frog
002248,bird
002249,truck
002250,horse
002251,deer
002252,truck
002253,truck
002254,horse
002255,deer
002256,ship
002257,horse
002258,frog
002259,horse
002260,truck
002261,ship
002262,horse
002263,frog
002264,truck
002265,truck
002266,bird
002267,ship
002268,frog
002269,frog
002270,frog
002271,bird
002272,truck
002273,truck
002274,dog
002275,truck
002276,automobile
002277,frog
002278,truck
002279,ship
002280,truck
002281,horse
002282,truck
002283,frog
002284,horse
002285,ship
002286,truck
002287,horse
002288,deer
002289,ship
002290,frog
002291,frog
002292,truck
002293,frog
002294,ship
002295,bird
002296,horse
002297,ship
002298,ship
002299,horse
002300,truck
002301,dog
002302,horse
002303,truck
002304,truck
002305,airplane
002306,frog
002307,ship
002308,frog
002309,automobile
002310,horse
002311,frog
002312,airplane
002313,deer
002314,truck
002315,frog
002316,bird
002317,ship
002318,truck
002319,automobile
002320,airplane
002321,airplane
002322,ship
002323,frog
002324,airplane
002325,cat
002326,dog
002327,truck
002328,truck
002329,ship
002330,ship
002331,horse
002332,automobile
002333,automobile
002334,ship
002335,truck
002336,ship
002337,ship
002338,frog
002339,ship
002340,deer
002341,dog
002342,airplane
002343,frog
002344,horse
002345,truck
002346,truck
002347,frog
002348,truck
002349,truck
002350,automobile
002351,dog
002352,dog
002353,truck
002354,truck
002355,deer
002356,ship
002357,automobile
002358,frog
002359,frog
002360,automobile
002361,horse
002362,ship
002363,frog
002364,horse
002365,deer
002366,dog
002367,automobile
002368,ship
002369,automobile
002370,frog
002371,ship
002372,truck
002373,frog
002374,horse
002375,frog
002376,bird
002377,frog
002378,airplane
002379,truck
002380,deer
002381,bird
002382,bird
002383,frog
002384,deer
002385,ship
002386,horse
002387,ship
002388,bird
002389,frog
002390,frog
002391,frog
002392,ship
002393,truck
002394,ship
002395,bird
002396,truck
002397,truck
002398,airplane
002399,bird
002400,automobile
002401,truck
002402,deer
002403,frog
002404,frog
002405,ship
002406,bird
002407,airplane
002408,ship
002409,truck
002410,truck
002411,frog
002412,horse
002413,truck
002414,dog
002415,horse
002416,frog
002417,truck
002418,airplane
002419,horse
002420,truck
002421,truck
002422,truck
002423,ship
002424,airplane
002425,ship
002426,horse
002427,truck
002428,bird
002429,ship
002430,frog
002431,automobile
002432,frog
002433,ship
002434,frog
002435,truck
002436,dog
002437,truck
002438,bird
002439,dog
002440,frog
002441,ship
002442,frog
002443,frog
002444,truck
002445,airplane
002446,truck
002447,frog
002448,ship
002449,deer
002450,truck
002451,truck
002452,horse
002453,truck
002454,truck
002455,deer
002456,frog
002457,deer
002458,dog
002459,ship
002460,truck
002461,ship
002462,ship
002463,truck
002464,horse
002465,truck
002466,ship
002467,deer
002468,ship
002469,airplane
002470,horse
002471,deer
002472,bird
002473,truck
002474,horse
002475,truck
002476,truck
002477,truck
002478,ship
002479,dog
002480,truck
002481,automobile
002482,automobile
002483,horse
002484,ship
002485,airplane
002486,truck
002487,frog
002488,ship
002489,horse
002490,truck
002491,truck
002492,frog
002493,deer
002494,truck
002495,horse
002496,frog
002497,horse
002498,truck
002499,deer
002500,dog
002501,frog
002502,ship
002503,dog
002504,ship
002505,horse
002506,frog
002507,automobile
002508,frog
002509,dog
002510,frog
002511,automobile
002512,frog
002513,horse
002514,frog
002515,deer
002516,cat
002517,ship
002518,ship
002519,ship
002520,ship
002521,frog
002522,frog
002523,horse
002524,frog
002525,ship
002526,truck
002527,truck
002528,truck
002529,truck
002530,airplane
002531,bird
002532,truck
002533,horse
002534,frog
002535,truck
002536,truck
002537,ship
002538,automobile
002539,truck
002540,truck
002541,horse
002542,ship
002543,bird
002544,deer
002545,frog
002546,horse
002547,truck
002548,horse
002549,dog
002550,airplane
002551,truck
002552,bird
002553,truck
002554,truck
002555,automobile
002556,truck
002557,frog
002558,ship
002559,truck
002560,horse
002561,truck
002562,horse
002563,truck
002564,horse
002565,horse
002566,bird
002567,ship
002568,truck
002569,automobile
002570,horse
002571,truck
002572,dog
002573,frog
002574,truck
002575,ship
002576,frog
002577,airplane
002578,truck
002579,truck
002580,deer
002581,horse
002582,deer
002583,deer
002584,automobile
002585,truck
002586,horse
002587,ship
002588,ship
002589,ship
002590,frog
002591,ship
002592,frog
002593,truck
002594,frog
002595,ship
002596,deer
002597,horse
002598,ship
002599,horse
002600,dog
002601,horse
002602,deer
002603,horse
002604,truck
002605,frog
002606,frog
002607,horse
002608,horse
002609,frog
002610,horse
002611,airplane
002612,automobile
002613,horse
002614,frog
002615,truck
002616,horse
002617,frog
002618,ship
002619,truck
002620,horse
002621,frog
002622,ship
002623,dog
002624,truck
002625,truck
002626,ship
002627,ship
002628,frog
002629,truck
002630,frog
002631,automobile
002632,automobile
002633,ship
002634,airplane
002635,truck
002636,truck
002637,dog
002638,frog
002639,truck
002640,automobile
002641,ship
002642,horse
002643,frog
002644,bird
002645,truck
002646,frog
002647,frog
002648,dog
002649,frog
002650,bird
002651,automobile
002652,truck
002653,ship
002654,ship
002655,cat
002656,horse
002657,frog
002658,deer
002659,deer
002660,bird
002661,horse
002662,frog
002663,horse
002664,frog
002665,truck
002666,truck
002667,deer
002668,truck
002669,ship
002670,ship
002671,automobile
002672,frog
002673,truck
002674,ship
002675,truck
002676,bird
002677,bird
002678,horse
002679,truck
002680,ship
002681,truck
002682,truck
002683,truck
002684,truck
002685,frog
002686,cat
002687,frog
002688,frog
002689,bird
002690,deer
002691,dog
002692,horse
002693,horse
002694,frog
002695,bird
002696,ship
002697,truck
002698,ship
002699,bird
002700,truck
002701,frog
002702,frog
002703,frog
002704,frog
002705,ship
002706,automobile
002707,ship
002708,airplane
002709,deer
002710,frog
002711,dog
002712,ship
002713,bird
002714,automobile
002715,airplane
002716,frog
002717,truck
002718,airplane
002719,dog
002720,ship
002721,ship
002722,airplane
002723,horse
002724,frog
002725,truck
002726,truck
002727,horse
002728,frog
002729,frog
002730,horse
002731,horse
002732,horse
002733,truck
002734,truck
002735,ship
002736,horse
002737,horse
002738,frog
002739,truck
002740,frog
002741,airplane
002742,airplane
002743,frog
002744,horse
002745,truck
002746,deer
002747,horse
002748,ship
002749,frog
002750,ship
002751,deer
002752,ship
002753,truck
002754,dog
002755,dog
002756,horse
002757,horse
002758,truck
002759,truck
002760,airplane
002761,truck
002762,dog
002763,truck
002764,horse
002765,truck
002766,ship
002767,truck
002768,deer
002769,automobile
002770,horse
002771,horse
002772,frog
002773,ship
002774,deer
002775,horse
002776,truck
002777,frog
002778,frog
002779,truck
002780,automobile
002781,truck
002782,truck
002783,ship
002784,ship
002785,airplane
002786,ship
002787,truck
002788,ship
002789,deer
002790,deer
002791,ship
002792,dog
002793,frog
002794,bird
002795,automobile
002796,frog
002797,ship
002798,frog
002799,ship
002800,frog
002801,frog
002802,truck
002803,dog
002804,frog
002805,horse
002806,bird
002807,truck
002808,horse
002809,horse
002810,deer
002811,truck
002812,frog
002813,airplane
002814,dog
002815,horse
002816,ship
002817,horse
002818,cat
002819,dog
002820,bird
002821,horse
002822,dog
002823,horse
002824,horse
002825,frog
002826,dog
002827,truck
002828,airplane
002829,truck
002830,truck
002831,ship
002832,truck
002833,truck
002834,automobile
002835,ship
002836,ship
002837,truck
002838,frog
002839,horse
002840,truck
002841,bird
002842,frog
002843,airplane
002844,ship
002845,airplane
002846,automobile
002847,truck
002848,frog
002849,frog
002850,truck
002851,horse
002852,horse
002853,dog
002854,truck
002855,frog
002856,horse
002857,airplane
002858,automobile
002859,truck
002860,truck
002861,horse
002862,frog
002863,truck
002864,horse
002865,airplane
002866,frog
002867,deer
002868,horse
002869,frog
002870,frog
002871,deer
002872,truck
002873,deer
002874,horse
002875,ship
002876,ship
002877,ship
002878,horse
002879,dog
002880,frog
002881,ship
002882,dog
002883,airplane
002884,horse
002885,airplane
002886,frog
002887,frog
002888,ship
002889,ship
002890,frog
002891,horse
002892,ship
002893,frog
002894,truck
002895,ship
002896,truck
002897,ship
002898,bird
002899,airplane
002900,deer
002901,dog
002902,horse
002903,truck
002904,horse
002905,truck
002906,ship
002907,truck
002908,ship
002909,dog
002910,ship
002911,frog
002912,dog
002913,bird
002914,truck
002915,truck
002916,deer
002917,truck
002918,ship
002919,truck
002920,frog
002921,frog
002922,truck
002923,automobile
002924,ship
002925,frog
002926,frog
002927,frog
002928,frog
002929,truck
002930,automobile
002931,ship
002932,bird
002933,dog
002934,truck
002935,dog
002936,deer
002937,horse
002938,ship
002939,dog
002940,airplane
002941,frog
002942,ship
002943,ship
002944,airplane
002945,dog
002946,truck
002947,truck
002948,airplane
002949,truck
002950,horse
002951,dog
002952,deer
002953,truck
002954,horse
002955,truck
002956,truck
002957,frog
002958,ship
002959,truck
002960,frog
002961,truck
002962,ship
002963,dog
002964,frog
002965,horse
002966,deer
002967,ship
002968,frog
002969,truck
002970,ship
002971,deer
002972,truck
002973,dog
002974,frog
002975,truck
002976,ship
002977,frog
002978,truck
002979,bird
002980,airplane
002981,horse
002982,airplane
002983,truck
002984,ship
002985,truck
002986,frog
002987,ship
002988,airplane
002989,deer
002990,truck
002991,truck
002992,bird
002993,truck
002994,ship
002995,deer
002996,ship
002997,frog
002998,truck
002999,airplane
003000,ship
003001,truck
003002,frog
003003,ship
003004,deer
003005,ship
003006,truck
003007,dog
003008,truck
003009,frog
003010,truck
003011,airplane
003012,ship
003013,truck
003014,frog
003015,truck
003016,ship
003017,airplane
003018,bird
003019,bird
003020,ship
003021,frog
003022,airplane
003023,horse
003024,deer
003025,airplane
003026,horse
003027,truck
003028,dog
003029,truck
003030,ship
003031,ship
003032,truck
003033,frog
003034,frog
003035,frog
003036,automobile
003037,truck
003038,airplane
003039,frog
003040,deer
003041,truck
003042,truck
003043,airplane
003044,frog
003045,dog
003046,frog
003047,ship
003048,deer
003049,ship
003050,horse
003051,horse
003052,horse
003053,truck
003054,automobile
003055,frog
003056,truck
003057,truck
003058,bird
003059,airplane
003060,deer
003061,truck
003062,horse
003063,automobile
003064,horse
003065,ship
003066,horse
003067,frog
003068,ship
003069,airplane
003070,truck
003071,dog
003072,horse
003073,truck
003074,frog
003075,bird
003076,dog
003077,truck
003078,ship
003079,bird
003080,ship
003081,deer
003082,frog
003083,deer
003084,truck
003085,truck
003086,dog
003087,truck
003088,truck
003089,ship
003090,airplane
003091,horse
003092,horse
003093,frog
003094,ship
003095,truck
003096,truck
003097,dog
003098,horse
003099,dog
003100,truck
003101,deer
003102,truck
003103,horse
003104,frog
003105,ship
003106,dog
003107,truck
003108,horse
003109,ship
003110,ship
003111,truck
003112,truck
003113,horse
003114,automobile
003115,ship
003116,automobile
003117,truck
003118,frog
003119,horse
003120,ship
003121,ship
003122,horse
003123,automobile
003124,dog
003125,truck
003126,ship
003127,ship
003128,horse
003129,ship
003130,ship
003131,horse
003132,dog
003133,horse
003134,deer
003135,airplane
003136,ship
003137,horse
003138,bird
003139,ship
003140,deer
003141,truck
003142,frog
003143,truck
003144,frog
003145,airplane
003146,automobile
003147,truck
003148,truck
003149,ship
003150,horse
003151,dog
003152,horse
003153,dog
003154,ship
003155,truck
003156,horse
003157,airplane
003158,truck
003159,ship
003160,frog
003161,truck
003162,bird
003163,truck
003164,truck
003165,horse
003166,frog
003167,truck
003168,frog
003169,horse
003170,frog
003171,truck
003172,ship
003173,frog
003174,bird
003175,ship
003176,deer
003177,truck
003178,horse
003179,frog
003180,truck
003181,frog
003182,truck
003183,truck
003184,truck
003185,frog
003186,ship
003187,deer
003188,truck
003189,horse
003190,truck
003191,horse
003192,ship
003193,frog
003194,truck
003195,frog
003196,truck
003197,frog
003198,truck
003199,ship
003200,horse
003201,truck
003202,truck
003203,ship
003204,truck
003205,deer
003206,ship
003207,cat
003208,ship
003209,airplane
003210,horse
003211,bird
003212,frog
003213,frog
003214,horse
003215,deer
003216,truck
003217,ship
003218,ship
003219,airplane
003220,frog
003221,ship
003222,truck
003223,truck
003224,horse
003225,frog
003226,horse
003227,truck
003228,frog
003229,automobile
003230,truck
003231,bird
003232,frog
003233,truck
003234,dog
003235,automobile
003236,truck
003237,ship
003238,ship
003239,horse
003240,truck
003241,frog
003242,truck
003243,truck
003244,truck
003245,cat
003246,horse
003247,automobile
003248,automobile
003249,deer
003250,automobile
003251,deer
003252,truck
003253,dog
003254,frog
003255,horse
003256,bird
003257,frog
003258,ship
003259,dog
003260,dog
003261,frog
003262,horse
003263,dog
003264,frog
003265,truck
003266,frog
003267,automobile
003268,airplane
003269,truck
003270,horse
003271,horse
003272,airplane
003273,truck
003274,ship
003275,truck
003276,deer
003277,automobile
003278,deer
003279,truck
003280,frog
003281,truck
003282,frog
003283,frog
003284,horse
003285,horse
003286,frog
003287,truck
003288,dog
003289,frog
003290,frog
003291,dog
003292,frog
003293,deer
003294,deer
003295,deer
003296,horse
003297,frog
003298,ship
003299,frog
003300,airplane
003301,frog
003302,ship
003303,bird
003304,airplane
003305,horse
003306,horse
003307,frog
003308,automobile
003309,horse
003310,ship
003311,ship
003312,airplane
003313,frog
003314,airplane
003315,airplane
003316,truck
003317,truck
003318,cat
003319,frog
003320,truck
003321,automobile
003322,airplane
003323,truck
003324,frog
003325,frog
003326,horse
003327,ship
003328,horse
003329,dog
003330,frog
003331,horse
003332,ship
003333,horse
003334,horse
003335,frog
003336,horse
003337,horse
003338,truck
003339,ship
003340,automobile
003341,automobile
003342,ship
003343,airplane
003344,ship
003345,deer
003346,horse
003347,horse
003348,ship
003349,horse
003350,deer
003351,frog
003352,horse
003353,horse
003354,deer
003355,truck
003356,frog
003357,dog
003358,frog
003359,ship
003360,horse
003361,truck
003362,automobile
003363,horse
003364,truck
003365,truck
003366,automobile
003367,frog
003368,horse
003369,frog
003370,ship
003371,ship
003372,horse
003373,horse
003374,truck
003375,truck
003376,truck
003377,dog
003378,horse
003379,horse
003380,ship
003381,frog
003382,horse
003383,frog
003384,automobile
003385,ship
003386,frog
003387,horse
003388,truck
003389,frog
003390,automobile
003391,frog
003392,deer
003393,dog
003394,truck
003395,deer
003396,truck
003397,automobile
003398,truck
003399,truck
003400,truck
003401,automobile
003402,frog
003403,horse
003404,horse
003405,bird
003406,ship
003407,truck
003408,truck
003409,ship
003410,truck
003411,deer
003412,horse
003413,frog
003414,truck
003415,bird
003416,ship
003417,bird
003418,dog
003419,frog
003420,deer
003421,dog
003422,frog
003423,bird
003424,horse
003425,frog
003426,truck
003427,automobile
003428,horse
003429,deer
003430,ship
003431,truck
003432,truck
003433,frog
003434,airplane
003435,frog
003436,frog
003437,dog
003438,frog
003439,horse
003440,dog
003441,truck
003442,truck
003443,truck
003444,frog
003445,ship
003446,frog
003447,horse
003448,horse
003449,frog
003450,ship
003451,truck
003452,ship
003453,airplane
003454,truck
003455,ship
003456,ship
003457,frog
003458,frog
003459,airplane
003460,truck
003461,bird
003462,deer
003463,airplane
003464,bird
003465,bird
003466,frog
003467,ship
003468,truck
003469,deer
003470,truck
003471,frog
003472,truck
003473,frog
003474,frog
003475,truck
003476,frog
003477,truck
003478,deer
003479,dog
003480,ship
003481,horse
003482,ship
003483,frog
003484,horse
003485,frog
003486,ship
003487,cat
003488,ship
003489,horse
003490,truck
003491,ship
003492,ship
003493,ship
003494,dog
003495,deer
003496,dog
003497,automobile
003498,ship
003499,horse
003500,deer
003501,truck
003502,horse
003503,ship
003504,frog
003505,deer
003506,ship
003507,frog
003508,horse
003509,frog
003510,horse
003511,frog
003512,frog
003513,ship
003514,horse
003515,dog
003516,bird
003517,truck
003518,dog
003519,horse
003520,horse
003521,bird
003522,horse
003523,frog
003524,horse
003525,automobile
003526,frog
003527,ship
003528,frog
003529,truck
003530,ship
003531,horse
003532,frog
003533,horse
003534,frog
003535,ship
003536,truck
003537,horse
003538,frog
003539,deer
003540,ship
003541,ship
003542,horse
003543,horse
003544,truck
003545,truck
003546,horse
003547,truck
003548,dog
003549,deer
003550,ship
003551,truck
003552,frog
003553,bird
003554,horse
003555,deer
003556,truck
003557,airplane
003558,deer
003559,truck
003560,dog
003561,frog
003562,dog
003563,frog
003564,truck
003565,bird
003566,frog
003567,horse
003568,horse
003569,automobile
003570,truck
003571,deer
003572,truck
003573,ship
003574,horse
003575,ship
003576,frog
003577,automobile
003578,frog
003579,deer
003580,ship
003581,frog
003582,truck
003583,automobile
003584,dog
003585,deer
003586,bird
003587,ship
003588,frog
003589,ship
003590,horse
003591,airplane
003592,horse
003593,ship
003594,deer
003595,automobile
003596,truck
003597,deer
003598,truck
003599,dog
003600,truck
003601,horse
003602,automobile
003603,horse
003604,truck
003605,deer
003606,truck
003607,truck
003608,truck
003609,bird
003610,deer
003611,ship
003612,frog
003613,frog
003614,truck
003615,horse
003616,truck
003617,frog
003618,horse
003619,truck
003620,horse
003621,horse
003622,deer
003623,deer
003624,dog
003625,frog
003626,truck
003627,truck
003628,ship
003629,horse
003630,automobile
003631,truck
003632,dog
003633,truck
003634,ship
003635,automobile
003636,frog
003637,frog
003638,truck
003639,horse
003640,truck
003641,airplane
003642,ship
003643,truck
003644,horse
003645,frog
003646,frog
003647,airplane
003648,horse
003649,truck
003650,horse
003651,bird
003652,ship
003653,horse
003654,ship
003655,dog
003656,horse
003657,truck
003658,horse
003659,ship
003660,frog
003661,dog
003662,truck
003663,frog
003664,bird
003665,automobile
003666,cat
003667,truck
003668,automobile
003669,airplane
003670,truck
003671,horse
003672,automobile
003673,ship
003674,ship
003675,deer
003676,truck
003677,bird
003678,frog
003679,ship
003680,automobile
003681,deer
003682,dog
003683,ship
003684,airplane
003685,dog
003686,ship
003687,frog
003688,frog
003689,frog
003690,airplane
003691,frog
003692,ship
003693,automobile
003694,frog
003695,bird
003696,horse
003697,truck
003698,horse
003699,frog
003700,horse
003701,truck
003702,horse
003703,automobile
003704,ship
003705,bird
003706,airplane
003707,truck
003708,dog
003709,ship
003710,bird
003711,ship
003712,dog
003713,horse
003714,ship
003715,frog
003716,ship
003717,horse
003718,automobile
003719,frog
003720,truck
003721,frog
003722,ship
003723,automobile
003724,airplane
003725,truck
003726,ship
003727,horse
003728,ship
003729,airplane
003730,bird
003731,ship
003732,frog
003733,deer
003734,truck
003735,ship
003736,ship
003737,truck
003738,horse
003739,automobile
003740,horse
003741,ship
003742,frog
003743,frog
003744,horse
003745,frog
003746,frog
003747,ship
003748,horse
003749,horse
003750,automobile
003751,ship
003752,ship
003753,frog
003754,ship
003755,truck
003756,ship
003757,truck
003758,horse
003759,truck
003760,horse
003761,truck
003762,truck
003763,airplane
003764,dog
003765,frog
003766,ship
003767,truck
003768,airplane
003769,truck
003770,ship
003771,truck
003772,truck
003773,deer
003774,bird
003775,airplane
003776,ship
003777,ship
003778,ship
003779,truck
003780,ship
003781,horse
003782,airplane
003783,truck
003784,automobile
003785,truck
003786,frog
003787,truck
003788,horse
003789,horse
003790,horse
003791,deer
003792,deer
003793,automobile
003794,deer
003795,horse
003796,horse
003797,dog
003798,airplane
003799,frog
003800,truck
003801,deer
003802,deer
003803,frog
003804,dog
003805,horse
003806,truck
003807,frog
003808,truck
003809,ship
003810,frog
003811,dog
003812,truck
003813,deer
003814,frog
003815,frog
003816,horse
003817,horse
003818,truck
003819,horse
003820,horse
003821,dog
003822,truck
003823,horse
003824,ship
003825,frog
003826,ship
003827,horse
003828,ship
003829,truck
003830,frog
003831,dog
003832,truck
003833,ship
003834,automobile
003835,dog
003836,horse
003837,truck
003838,deer
003839,bird
003840,frog
003841,truck
003842,frog
003843,automobile
003844,deer
003845,deer
003846,truck
003847,frog
003848,deer
003849,dog
003850,bird
003851,truck
003852,ship
003853,ship
003854,frog
003855,horse
003856,deer
003857,horse
003858,deer
003859,truck
003860,truck
003861,horse
003862,frog
003863,airplane
003864,truck
003865,frog
003866,automobile
003867,ship
003868,ship
003869,truck
003870,dog
003871,deer
003872,deer
003873,frog
003874,frog
003875,horse
003876,truck
003877,automobile
003878,ship
003879,truck
003880,ship
003881,ship
003882,horse
003883,truck
003884,ship
003885,dog
003886,ship
003887,ship
003888,frog
003889,ship
003890,truck
003891,truck
003892,ship
003893,frog
003894,truck
003895,truck
003896,frog
003897,truck
003898,ship
003899,truck
003900,horse
003901,ship
003902,horse
003903,horse
003904,ship
003905,deer
003906,truck
003907,truck
003908,frog
003909,truck
003910,deer
003911,dog
003912,horse
003913,ship
003914,dog
003915,deer
003916,horse
003917,truck
003918,horse
003919,horse
003920,horse
003921,ship
003922,truck
003923,deer
003924,airplane
003925,ship
003926,frog
003927,frog
003928,horse
003929,truck
003930,truck
003931,automobile
003932,ship
003933,frog
003934,frog
003935,ship
003936,horse
003937,truck
003938,truck
003939,frog
003940,truck
003941,automobile
003942,dog
003943,ship
003944,ship
003945,deer
003946,frog
003947,deer
003948,ship
003949,horse
003950,airplane
003951,frog
003952,frog
003953,dog
003954,frog
003955,frog
003956,truck
003957,automobile
003958,truck
003959,airplane
003960,airplane
003961,truck
003962,automobile
003963,airplane
003964,frog
003965,truck
003966,ship
003967,ship
003968,truck
003969,ship
003970,horse
003971,truck
003972,airplane
003973,truck
003974,dog
003975,dog
003976,dog
003977,deer
003978,airplane
003979,truck
003980,frog
003981,ship
003982,frog
003983,dog
003984,truck
003985,truck
003986,frog
003987,deer
003988,ship
003989,truck
003990,horse
003991,truck
003992,truck
003993,horse
003994,deer
003995,dog
003996,truck
003997,frog
003998,ship
003999,truck
004000,frog
004001,frog
004002,truck
004003,ship
004004,automobile
004005,deer
004006,bird
004007,deer
004008,bird
004009,horse
004010,dog
004011,ship
004012,deer
004013,truck
004014,ship
004015,truck
004016,airplane
004017,frog
004018,frog
004019,ship
004020,truck
004021,frog
004022,automobile
004023,ship
004024,truck
004025,ship
004026,horse
004027,ship
004028,ship
004029,truck
004030,horse
004031,truck
004032,bird
004033,dog
004034,truck
004035,bird
004036,deer
004037,truck
004038,ship
004039,ship
004040,frog
004041,frog
004042,horse
004043,dog
004044,ship
004045,ship
004046,ship
004047,truck
004048,frog
004049,truck
004050,truck
004051,horse
004052,truck
004053,airplane
004054,truck
004055,truck
004056,truck
004057,horse
004058,truck
004059,frog
004060,frog
004061,frog
004062,frog
004063,ship
004064,truck
004065,deer
004066,deer
004067,truck
004068,horse
004069,truck
004070,deer
004071,horse
004072,deer
004073,ship
004074,airplane
004075,truck
004076,horse
004077,automobile
004078,truck
004079,bird
004080,airplane
004081,horse
004082,truck
004083,horse
004084,dog
004085,truck
004086,airplane
004087,deer
004088,horse
004089,frog
004090,horse
004091,bird
004092,bird
004093,ship
004094,dog
004095,truck
004096,horse
004097,horse
004098,truck
004099,frog
004100,automobile
004101,frog
004102,truck
004103,truck
004104,ship
004105,frog
004106,dog
004107,automobile
004108,frog
004109,ship
004110,frog
004111,truck
004112,truck
004113,horse
004114,ship
004115,truck
004116,dog
004117,automobile
004118,bird
004119,horse
004120,truck
004121,truck
004122,automobile
004123,deer
004124,deer
004125,dog
004126,frog
004127,ship
004128,ship
004129,ship
004130,truck
004131,frog
004132,truck
004133,ship
004134,horse
004135,ship
004136,dog
004137,frog
004138,deer
004139,truck
004140,horse
004141,ship
004142,horse
004143,frog
004144,truck
004145,frog
004146,frog
004147,horse
004148,horse
004149,horse
004150,horse
004151,frog
004152,deer
004153,frog
004154,truck
004155,truck
004156,truck
004157,airplane
004158,ship
004159,truck
004160,cat
004161,frog
004162,ship
004163,bird
004164,frog
004165,truck
004166,truck
004167,truck
004168,horse
004169,truck
004170,frog
004171,deer
004172,automobile
004173,horse
004174,ship
004175,deer
004176,truck
004177,bird
004178,horse
004179,deer
004180,horse
004181,truck
004182,ship
004183,frog
004184,ship
004185,automobile
004186,horse
004187,horse
004188,frog
004189,ship
004190,truck
004191,horse
004192,horse
004193,frog
004194,horse
004195,dog
004196,bird
004197,automobile
004198,frog
004199,horse
004200,horse
004201,truck
004202,airplane
004203,horse
004204,truck
004205,truck
004206,deer
004207,frog
004208,horse
004209,horse
004210,deer
004211,automobile
004212,truck
004213,automobile
004214,truck
004215,horse
004216,ship
004217,deer
004218,truck
004219,frog
004220,horse
004221,truck
004222,deer
004223,horse
004224,automobile
004225,horse
004226,ship
004227,truck
004228,horse
004229,truck
004230,frog
004231,truck
004232,horse
004233,automobile
004234,dog
004235,airplane
004236,airplane
004237,truck
004238,frog
004239,truck
004240,truck
004241,airplane
004242,frog
004243,ship
004244,horse
004245,deer
004246,horse
004247,truck
004248,truck
004249,truck
004250,horse
004251,airplane
004252,airplane
004253,ship
004254,frog
004255,horse
004256,frog
004257,frog
004258,frog
004259,ship
004260,frog
004261,automobile
004262,ship
004263,truck
004264,truck
004265,deer
004266,automobile
004267,deer
004268,frog
004269,horse
004270,horse
004271,automobile
004272,truck
004273,bird
004274,automobile
004275,automobile
004276,frog
004277,horse
004278,airplane
004279,horse
004280,horse
004281,deer
004282,horse
004283,bird
004284,deer
004285,horse
004286,ship
004287,bird
004288,truck
004289,horse
004290,truck
004291,horse
004292,bird
004293,deer
004294,truck
004295,cat
004296,horse
004297,deer
004298,truck
004299,ship
004300,airplane
004301,deer
004302,bird
004303,truck
004304,automobile
004305,frog
004306,frog
004307,horse
004308,truck
004309,ship
004310,horse
004311,airplane
004312,dog
004313,frog
004314,ship
004315,truck
004316,horse
004317,ship
004318,ship
004319,automobile
004320,ship
004321,truck
004322,deer
004323,bird
004324,frog
004325,deer
004326,horse
004327,ship
004328,horse
004329,horse
004330,truck
004331,truck
004332,bird
004333,horse
004334,airplane
004335,truck
004336,truck
004337,truck
004338,truck
004339,frog
004340,frog
004341,truck
004342,deer
004343,truck
004344,horse
004345,frog
004346,dog
004347,airplane
004348,deer
004349,dog
004350,horse
004351,bird
004352,cat
004353,dog
004354,horse
004355,truck
004356,dog
004357,deer
004358,truck
004359,truck
004360,airplane
004361,truck
004362,truck
004363,bird
004364,truck
004365,truck
004366,airplane
004367,dog
004368,truck
004369,truck
004370,horse
004371,truck
004372,truck
004373,truck
004374,truck
004375,frog
004376,automobile
004377,horse
004378,deer
004379,horse
004380,ship
004381,deer
004382,deer
004383,truck
004384,horse
004385,deer
004386,ship
004387,airplane
004388,dog
004389,airplane
004390,horse
004391,horse
004392,frog
004393,horse
004394,frog
004395,ship
004396,ship
004397,horse
004398,truck
004399,airplane
004400,bird
004401,cat
004402,automobile
004403,bird
004404,bird
004405,truck
004406,horse
004407,horse
004408,automobile
004409,ship
004410,truck
004411,ship
004412,frog
004413,frog
004414,horse
004415,frog
004416,ship
004417,horse
004418,ship
004419,frog
004420,frog
004421,deer
004422,automobile
004423,ship
004424,horse
004425,truck
004426,dog
004427,ship
004428,dog
004429,horse
004430,frog
004431,bird
004432,dog
004433,horse
004434,bird
004435,ship
004436,deer
004437,bird
004438,ship
004439,truck
004440,deer
004441,ship
004442,ship
004443,ship
004444,truck
004445,truck
004446,frog
004447,frog
004448,cat
004449,truck
004450,truck
004451,ship
004452,truck
004453,horse
004454,frog
004455,truck
004456,truck
004457,deer
004458,deer
004459,frog
004460,dog
004461,ship
004462,frog
004463,ship
004464,ship
004465,automobile
004466,deer
004467,deer
004468,dog
004469,deer
004470,bird
004471,frog
004472,truck
004473,frog
004474,bird
004475,truck
004476,automobile
004477,ship
004478,airplane
004479,truck
004480,frog
004481,dog
004482,deer
004483,deer
004484,horse
004485,truck
004486,horse
004487,ship
004488,truck
004489,truck
004490,frog
004491,frog
004492,ship
004493,bird
004494,dog
004495,truck
004496,truck
004497,truck
004498,frog
004499,horse
004500,truck
004501,truck
004502,truck
004503,dog
004504,horse
004505,horse
004506,horse
004507,ship
004508,truck
004509,truck
004510,ship
004511,dog
004512,dog
004513,truck
004514,truck
004515,automobile
004516,truck
004517,ship
004518,airplane
004519,truck
004520,frog
004521,ship
004522,truck
004523,horse
004524,frog
004525,airplane
004526,frog
004527,frog
004528,truck
004529,truck
004530,horse
004531,horse
004532,bird
004533,truck
004534,ship
004535,horse
004536,truck
004537,dog
004538,automobile
004539,frog
004540,deer
004541,bird
004542,frog
004543,ship
004544,ship
004545,frog
004546,ship
004547,deer
004548,automobile
004549,frog
004550,truck
004551,frog
004552,truck
004553,bird
004554,ship
004555,ship
004556,frog
004557,frog
004558,horse
004559,truck
004560,truck
004561,airplane
004562,truck
004563,ship
004564,truck
004565,frog
004566,frog
004567,ship
004568,horse
004569,frog
004570,airplane
004571,truck
004572,ship
004573,deer
004574,automobile
004575,deer
004576,truck
004577,ship
004578,ship
004579,ship
004580,frog
004581,horse
004582,ship
004583,horse
004584,dog
004585,ship
004586,automobile
004587,frog
004588,truck
004589,truck
004590,truck
004591,frog
004592,frog
004593,truck
004594,ship
004595,dog
004596,frog
004597,frog
004598,horse
004599,ship
004600,truck
004601,horse
004602,ship
004603,horse
004604,truck
004605,horse
004606,airplane
004607,truck
004608,airplane
004609,truck
004610,horse
004611,deer
004612,ship
004613,frog
004614,ship
004615,truck
004616,truck
004617,ship
004618,dog
004619,horse
004620,ship
004621,truck
004622,truck
004623,bird
004624,ship
004625,bird
004626,frog
004627,dog
004628,bird
004629,horse
004630,horse
004631,ship
004632,horse
004633,ship
004634,ship
004635,frog
004636,ship
004637,dog
004638,horse
004639,ship
004640,truck
004641,truck
004642,truck
004643,truck
004644,horse
004645,ship
004646,horse
004647,airplane
004648,deer
004649,frog
004650,truck
004651,truck
004652,horse
004653,deer
004654,horse
004655,truck
004656,frog
004657,truck
004658,truck
004659,ship
004660,airplane
004661,frog
004662,bird
004663,truck
004664,horse
004665,horse
004666,automobile
004667,truck
004668,bird
004669,truck
004670,dog
004671,truck
004672,truck
004673,airplane
004674,horse
004675,truck
004676,truck
004677,horse
004678,dog
004679,horse
004680,horse
004681,truck
004682,truck
004683,horse
004684,horse
004685,ship
004686,deer
004687,frog
004688,automobile
004689,deer
004690,ship
004691,ship
004692,ship
004693,truck
004694,deer
004695,frog
004696,truck
004697,truck
004698,ship
004699,deer
004700,truck
004701,bird
004702,horse
004703,frog
004704,airplane
004705,truck
004706,truck
004707,ship
004708,ship
004709,ship
004710,horse
004711,bird
004712,frog
004713,frog
004714,deer
004715,truck
004716,ship
004717,dog
004718,horse
004719,airplane
004720,ship
004721,horse
004722,frog
004723,ship
004724,automobile
004725,deer
004726,ship
004727,horse
004728,frog
004729,ship
004730,truck
004731,truck
004732,deer
004733,ship
004734,ship
004735,bird
004736,horse
004737,truck
004738,dog
004739,frog
004740,frog
004741,truck
004742,horse
004743,truck
004744,truck
004745,automobile
004746,ship
004747,truck
004748,bird
004749,truck
004750,deer
004751,frog
004752,automobile
004753,truck
004754,truck
004755,truck
004756,deer
004757,ship
004758,dog
004759,horse
004760,dog
004761,dog
004762,horse
004763,truck
004764,ship
004765,ship
004766,truck
004767,truck
004768,truck
004769,ship
004770,airplane
004771,automobile
004772,frog
004773,horse
004774,truck
004775,truck
004776,automobile
004777,ship
004778,dog
004779,frog
004780,ship
004781,deer
004782,airplane
004783,truck
004784,horse
004785,frog
004786,dog
004787,ship
004788,ship
004789,deer
004790,deer
004791,frog
004792,deer
004793,truck
004794,truck
004795,truck
004796,frog
004797,airplane
004798,cat
004799,airplane
004800,horse
004801,truck
004802,horse
004803,deer
004804,truck
004805,truck
004806,bird
004807,ship
004808,dog
004809,truck
004810,bird
004811,ship
004812,truck
004813,frog
004814,truck
004815,truck
004816,airplane
004817,deer
004818,ship
004819,ship
004820,frog
004821,truck
004822,frog
004823,truck
004824,horse
004825,dog
004826,ship
004827,truck
004828,truck
004829,deer
004830,dog
004831,truck
004832,dog
004833,ship
004834,ship
004835,frog
004836,truck
004837,ship
004838,deer
004839,ship
004840,ship
004841,horse
004842,deer
004843,truck
004844,truck
004845,automobile
004846,truck
004847,automobile
004848,ship
004849,truck
004850,frog
004851,horse
004852,frog
004853,bird
004854,truck
004855,dog
004856,horse
004857,ship
004858,ship
004859,truck
004860,truck
004861,airplane
004862,truck
004863,deer
004864,ship
004865,ship
004866,truck
004867,frog
004868,automobile
004869,horse
004870,bird
004871,dog
004872,ship
004873,horse
004874,horse
004875,frog
004876,horse
004877,ship
004878,truck
004879,bird
004880,truck
004881,horse
004882,ship
004883,frog
004884,truck
004885,deer
004886,horse
004887,ship
004888,deer
004889,deer
004890,ship
004891,ship
004892,airplane
004893,automobile
004894,dog
004895,automobile
004896,ship
004897,horse
004898,airplane
004899,ship
004900,horse
004901,frog
004902,frog
004903,horse
004904,frog
004905,ship
004906,frog
004907,frog
004908,truck
004909,horse
004910,horse
004911,truck
004912,truck
004913,frog
004914,airplane
004915,truck
004916,bird
004917,frog
004918,truck
004919,truck
004920,airplane
004921,truck
004922,bird
004923,deer
004924,frog
004925,horse
004926,horse
004927,ship
004928,frog
004929,truck
004930,dog
004931,truck
004932,truck
004933,horse
004934,frog
004935,horse
004936,automobile
004937,ship
004938,deer
004939,truck
004940,frog
004941,truck
004942,deer
004943,frog
004944,deer
004945,truck
004946,frog
004947,ship
004948,truck
004949,horse
004950,ship
004951,ship
004952,frog
004953,automobile
004954,ship
004955,ship
004956,horse
004957,frog
004958,dog
004959,truck
004960,truck
004961,automobile
004962,deer
004963,ship
004964,horse
004965,ship
004966,frog
004967,truck
004968,frog
004969,bird
004970,airplane
004971,horse
004972,frog
004973,ship
004974,dog
004975,horse
004976,horse
004977,ship
004978,horse
004979,truck
004980,horse
004981,truck
004982,horse
004983,frog
004984,bird
004985,truck
004986,horse
004987,automobile
004988,bird
004989,frog
004990,deer
004991,truck
004992,frog
004993,truck
004994,frog
004995,deer
004996,frog
004997,automobile
004998,bird
004999,truck
005000,truck
005001,frog
005002,automobile
005003,horse
005004,truck
005005,horse
005006,dog
005007,horse
005008,horse
005009,horse
005010,deer
005011,deer
005012,horse
005013,deer
005014,frog
005015,deer
005016,ship
005017,ship
005018,frog
005019,truck
005020,truck
005021,airplane
005022,dog
005023,truck
005024,dog
005025,horse
005026,horse
005027,frog
005028,truck
005029,frog
005030,bird
005031,ship
005032,horse
005033,truck
005034,horse
005035,ship
005036,frog
005037,truck
005038,truck
005039,ship
005040,truck
005041,bird
005042,horse
005043,horse
005044,airplane
005045,ship
005046,truck
005047,frog
005048,deer
005049,truck
005050,truck
005051,ship
005052,automobile
005053,dog
005054,frog
005055,frog
005056,truck
005057,deer
005058,truck
005059,frog
005060,truck
005061,truck
005062,truck
005063,frog
005064,frog
005065,dog
005066,horse
005067,ship
005068,horse
005069,frog
005070,truck
005071,cat
005072,horse
005073,horse
005074,frog
005075,airplane
005076,bird
005077,bird
005078,airplane
005079,deer
005080,truck
005081,airplane
005082,deer
005083,deer
005084,truck
005085,frog
005086,frog
005087,frog
005088,ship
005089,frog
005090,frog
005091,ship
005092,horse
005093,horse
005094,horse
005095,deer
005096,dog
005097,frog
005098,automobile
005099,truck
005100,dog
005101,truck
005102,truck
005103,truck
005104,automobile
005105,ship
005106,horse
005107,truck
005108,frog
005109,frog
005110,ship
005111,ship
005112,ship
005113,horse
005114,frog
005115,frog
005116,bird
005117,frog
005118,horse
005119,ship
005120,horse
005121,ship
005122,automobile
005123,frog
005124,horse
005125,frog
005126,horse
005127,horse
005128,truck
005129,bird
005130,dog
005131,horse
005132,ship
005133,truck
005134,horse
005135,airplane
005136,frog
005137,ship
005138,automobile
005139,airplane
005140,ship
005141,horse
005142,frog
005143,truck
005144,bird
005145,horse
005146,automobile
005147,ship
005148,truck
005149,truck
005150,frog
005151,frog
005152,deer
005153,horse
005154,truck
005155,truck
005156,horse
005157,horse
005158,dog
005159,automobile
005160,truck
005161,ship
005162,truck
005163,ship
005164,deer
005165,frog
005166,automobile
005167,frog
005168,deer
005169,frog
005170,airplane
005171,deer
005172,ship
005173,frog
005174,horse
005175,automobile
005176,truck
005177,truck
005178,airplane
005179,truck
005180,ship
005181,bird
005182,truck
005183,frog
005184,airplane
005185,dog
005186,frog
005187,truck
005188,frog
005189,truck
005190,truck
005191,horse
005192,deer
005193,automobile
005194,dog
005195,airplane
005196,ship
005197,horse
005198,frog
005199,ship
005200,automobile
005201,truck
005202,automobile
005203,deer
005204,dog
005205,ship
005206,truck
005207,truck
005208,deer
005209,frog
005210,frog
005211,ship
005212,truck
005213,ship
005214,truck
005215,frog
005216,automobile
005217,bird
005218,ship
005219,horse
005220,horse
005221,airplane
005222,horse
005223,dog
005224,frog
005225,horse
005226,truck
005227,dog
005228,horse
005229,truck
005230,truck
005231,horse
005232,truck
005233,bird
005234,automobile
005235,truck
005236,ship
005237,frog
005238,frog
005239,deer
005240,horse
005241,deer
005242,ship
005243,truck
005244,deer
005245,frog
005246,deer
005247,horse
005248,ship
005249,frog
005250,deer
005251,deer
005252,truck
005253,truck
005254,bird
005255,ship
005256,automobile
005257,truck
005258,horse
005259,ship
005260,deer
005261,deer
005262,frog
005263,automobile
005264,horse
005265,horse
005266,horse
005267,horse
005268,truck
005269,truck
005270,truck
005271,truck
005272,deer
005273,bird
005274,frog
005275,deer
005276,truck
005277,horse
005278,bird
005279,truck
005280,ship
005281,truck
005282,bird
005283,bird
005284,deer
005285,truck
005286,ship
005287,ship
005288,ship
005289,truck
005290,airplane
005291,horse
005292,dog
005293,frog
005294,dog
005295,automobile
005296,truck
005297,dog
005298,ship
005299,ship
005300,frog
005301,bird
005302,automobile
005303,truck
005304,horse
005305,automobile
005306,ship
005307,frog
005308,airplane
005309,truck
005310,ship
005311,deer
005312,truck
005313,bird
005314,ship
005315,frog
005316,ship
005317,frog
005318,bird
005319,bird
005320,ship
005321,horse
005322,ship
005323,ship
005324,horse
005325,frog
005326,truck
005327,frog
005328,frog
005329,truck
005330,truck
005331,horse
005332,truck
005333,truck
005334,truck
005335,horse
005336,frog
005337,dog
005338,airplane
005339,truck
005340,ship
005341,cat
005342,horse
005343,cat
005344,truck
005345,horse
005346,horse
005347,truck
005348,frog
005349,truck
005350,dog
005351,truck
005352,bird
005353,frog
005354,ship
005355,frog
005356,truck
005357,truck
005358,dog
005359,truck
005360,automobile
005361,automobile
005362,frog
005363,truck
005364,truck
005365,horse
005366,truck
005367,truck
005368,truck
005369,deer
005370,horse
005371,dog
005372,truck
005373,automobile
005374,ship
005375,frog
005376,horse
005377,frog
005378,airplane
005379,truck
005380,ship
005381,frog
005382,frog
005383,horse
005384,ship
005385,dog
005386,frog
005387,truck
005388,horse
005389,automobile
005390,frog
005391,frog
005392,deer
005393,frog
005394,truck
005395,truck
005396,ship
005397,ship
005398,ship
005399,truck
005400,dog
005401,frog
005402,frog
005403,frog
005404,ship
005405,automobile
005406,ship
005407,ship
005408,truck
005409,truck
005410,frog
005411,truck
005412,frog
005413,bird
005414,deer
005415,truck
005416,frog
005417,automobile
005418,truck
005419,ship
005420,truck
005421,dog
005422,truck
005423,airplane
005424,deer
005425,truck
005426,horse
005427,frog
005428,ship
005429,truck
005430,horse
005431,truck
005432,bird
005433,truck
005434,automobile
005435,deer
005436,truck
005437,automobile
005438,frog
005439,ship
005440,frog
005441,bird
005442,ship
005443,deer
005444,ship
005445,airplane
005446,truck
005447,bird
005448,horse
005449,truck
005450,truck
005451,truck
005452,dog
005453,bird
005454,bird
005455,dog
005456,ship
005457,horse
005458,dog
005459,horse
005460,frog
005461,automobile
005462,truck
005463,automobile
005464,bird
005465,horse
005466,ship
005467,dog
005468,automobile
005469,airplane
005470,horse
005471,truck
005472,frog
005473,frog
005474,truck
005475,ship
005476,airplane
005477,frog
005478,dog
005479,truck
005480,truck
005481,truck
005482,horse
005483,ship
005484,frog
005485,frog
005486,truck
005487,frog
005488,truck
005489,ship
005490,ship
005491,ship
005492,truck
005493,horse
005494,automobile
005495,ship
005496,ship
005497,automobile
005498,truck
005499,truck
005500,horse
005501,ship
005502,ship
005503,ship
005504,horse
005505,truck
005506,frog
005507,dog
005508,bird
005509,frog
005510,horse
005511,automobile
005512,frog
005513,truck
005514,truck
005515,frog
005516,truck
005517,ship
005518,horse
005519,automobile
005520,frog
005521,horse
005522,ship
005523,bird
005524,horse
005525,deer
005526,horse
005527,bird
005528,ship
005529,deer
005530,horse
005531,truck
005532,automobile
005533,automobile
005534,bird
005535,horse
005536,horse
005537,ship
005538,deer
005539,truck
005540,frog
005541,truck
005542,truck
005543,ship
005544,ship
005545,automobile
005546,automobile
005547,truck
005548,dog
005549,horse
005550,deer
005551,truck
005552,ship
005553,ship
005554,ship
005555,frog
005556,airplane
005557,truck
005558,ship
005559,truck
005560,truck
005561,horse
005562,automobile
005563,frog
005564,truck
005565,horse
005566,frog
005567,bird
005568,ship
005569,automobile
005570,truck
005571,dog
005572,bird
005573,truck
005574,frog
005575,frog
005576,horse
005577,frog
005578,frog
005579,dog
005580,truck
005581,automobile
005582,ship
005583,truck
005584,truck
005585,horse
005586,bird
005587,horse
005588,deer
005589,frog
005590,frog
005591,truck
005592,truck
005593,truck
005594,truck
005595,ship
005596,truck
005597,ship
005598,horse
005599,frog
005600,truck
005601,ship
005602,horse
005603,dog
005604,ship
005605,deer
005606,frog
005607,ship
005608,deer
005609,truck
005610,dog
005611,frog
005612,ship
005613,frog
005614,frog
005615,frog
005616,dog
005617,ship
005618,ship
005619,ship
005620,ship
005621,horse
005622,frog
005623,truck
005624,dog
005625,ship
005626,truck
005627,horse
005628,deer
005629,bird
005630,horse
005631,airplane
005632,ship
005633,ship
005634,horse
005635,truck
005636,frog
005637,frog
005638,ship
005639,deer
005640,ship
005641,truck
005642,ship
005643,ship
005644,truck
005645,ship
005646,frog
005647,horse
005648,airplane
005649,dog
005650,frog
005651,horse
005652,ship
005653,airplane
005654,dog
005655,ship
005656,ship
005657,automobile
005658,horse
005659,frog
005660,truck
005661,frog
005662,horse
005663,truck
005664,frog
005665,bird
005666,automobile
005667,ship
005668,dog
005669,ship
005670,ship
005671,truck
005672,truck
005673,horse
005674,ship
005675,frog
005676,deer
005677,automobile
005678,bird
005679,truck
005680,truck
005681,automobile
005682,automobile
005683,truck
005684,frog
005685,frog
005686,truck
005687,frog
005688,automobile
005689,deer
005690,ship
005691,horse
005692,frog
005693,horse
005694,truck
005695,ship
005696,truck
005697,horse
005698,horse
005699,horse
005700,frog
005701,ship
005702,truck
005703,horse
005704,automobile
005705,airplane
005706,deer
005707,deer
005708,truck
005709,dog
005710,horse
005711,frog
005712,horse
005713,frog
005714,dog
005715,automobile
005716,dog
005717,horse
005718,truck
005719,horse
005720,truck
005721,frog
005722,frog
005723,horse
005724,truck
005725,truck
005726,ship
005727,truck
005728,truck
005729,ship
005730,ship
005731,ship
005732,ship
005733,ship
005734,frog
005735,horse
005736,bird
005737,airplane
005738,truck
005739,frog
005740,truck
005741,ship
005742,truck
005743,horse
005744,horse
005745,truck
005746,frog
005747,frog
005748,ship
005749,truck
005750,frog
005751,truck
005752,horse
005753,airplane
005754,ship
005755,ship
005756,truck
005757,deer
005758,horse
005759,truck
005760,horse
005761,airplane
005762,horse
005763,horse
005764,deer
005765,truck
005766,ship
005767,truck
005768,deer
005769,truck
005770,ship
005771,truck
005772,truck
005773,truck
005774,truck
005775,horse
005776,frog
005777,truck
005778,truck
005779,ship
005780,ship
005781,horse
005782,ship
005783,ship
005784,ship
005785,truck
005786,truck
005787,horse
005788,horse
005789,frog
005790,frog
005791,frog
005792,ship
005793,truck
005794,truck
005795,truck
005796,frog
005797,horse
005798,horse
005799,ship
005800,ship
005801,truck
005802,deer
005803,dog
005804,dog
005805,frog
005806,bird
005807,truck
005808,truck
005809,dog
005810,ship
005811,frog
005812,frog
005813,frog
005814,truck
005815,frog
005816,truck
005817,frog
005818,truck
005819,horse
005820,frog
005821,frog
005822,truck
005823,horse
005824,truck
005825,horse
005826,deer
005827,truck
005828,ship
005829,truck
005830,automobile
005831,dog
005832,horse
005833,ship
005834,frog
005835,ship
005836,frog
005837,ship
005838,horse
005839,deer
005840,truck
005841,frog
005842,truck
005843,bird
005844,horse
005845,truck
005846,ship
005847,frog
005848,frog
005849,frog
005850,truck
005851,horse
005852,truck
005853,dog
005854,dog
005855,horse
005856,horse
005857,airplane
005858,ship
005859,automobile
005860,truck
005861,horse
005862,truck
005863,horse
005864,truck
005865,ship
005866,horse
005867,horse
005868,horse
005869,truck
005870,ship
005871,horse
005872,ship
005873,truck
005874,deer
005875,truck
005876,truck
005877,horse
005878,deer
005879,ship
005880,bird
005881,deer
005882,truck
005883,frog
005884,bird
005885,frog
005886,frog
005887,airplane
005888,dog
005889,ship
005890,ship
005891,truck
005892,dog
005893,truck
005894,frog
005895,truck
005896,truck
005897,deer
005898,horse
005899,horse
005900,truck
005901,bird
005902,deer
005903,frog
005904,frog
005905,frog
005906,dog
005907,airplane
005908,truck
005909,dog
005910,dog
005911,ship
005912,airplane
005913,truck
005914,airplane
005915,truck
005916,dog
005917,truck
005918,airplane
005919,deer
005920,ship
005921,truck
005922,truck
005923,horse
005924,truck
005925,bird
005926,bird
005927,truck
005928,truck
005929,frog
005930,bird
005931,ship
005932,truck
005933,frog
005934,bird
005935,airplane
005936,deer
005937,frog
005938,automobile
005939,frog
005940,ship
005941,horse
005942,frog
005943,ship
005944,truck
005945,truck
005946,truck
005947,frog
005948,dog
005949,cat
005950,horse
005951,dog
005952,ship
005953,truck
005954,bird
005955,truck
005956,bird
005957,ship
005958,deer
005959,truck
005960,frog
005961,bird
005962,bird
005963,ship
005964,frog
005965,frog
005966,horse
005967,horse
005968,deer
005969,ship
005970,truck
005971,horse
005972,ship
005973,automobile
005974,bird
005975,ship
005976,dog
005977,bird
005978,ship
005979,truck
005980,deer
005981,truck
005982,dog
005983,truck
005984,deer
005985,truck
005986,ship
005987,truck
005988,truck
005989,horse
005990,bird
005991,cat
005992,truck
005993,ship
005994,truck
005995,frog
005996,truck
005997,automobile
005998,ship
005999,truck
006000,ship
006001,horse
006002,deer
006003,ship
006004,frog
006005,automobile
006006,deer
006007,dog
006008,ship
006009,truck
006010,frog
006011,horse
006012,frog
006013,ship
006014,truck
006015,truck
006016,airplane
006017,deer
006018,ship
006019,frog
006020,frog
006021,automobile
006022,dog
006023,truck
006024,automobile
006025,frog
006026,frog
006027,ship
006028,ship
006029,truck
006030,horse
006031,ship
006032,ship
006033,dog
006034,horse
006035,truck
006036,ship
006037,horse
006038,ship
006039,ship
006040,horse
006041,deer
006042,airplane
006043,deer
006044,frog
006045,truck
006046,truck
006047,frog
006048,frog
006049,frog
006050,ship
006051,frog
006052,bird
006053,truck
006054,airplane
006055,ship
006056,ship
006057,airplane
006058,truck
006059,bird
006060,truck
006061,dog
006062,frog
006063,horse
006064,ship
006065,automobile
006066,ship
006067,automobile
006068,horse
006069,automobile
006070,bird
006071,bird
006072,dog
006073,frog
006074,horse
006075,truck
006076,ship
006077,frog
006078,deer
006079,horse
006080,frog
006081,dog
006082,airplane
006083,truck
006084,ship
006085,truck
006086,ship
006087,horse
006088,ship
006089,bird
006090,truck
006091,ship
006092,truck
006093,deer
006094,frog
006095,truck
006096,frog
006097,ship
006098,deer
006099,automobile
006100,frog
006101,horse
006102,frog
006103,ship
006104,bird
006105,truck
006106,truck
006107,deer
006108,truck
006109,frog
006110,horse
006111,deer
006112,truck
006113,horse
006114,ship
006115,horse
006116,ship
006117,horse
006118,horse
006119,truck
006120,truck
006121,horse
006122,horse
006123,deer
006124,truck
006125,deer
006126,horse
006127,airplane
006128,deer
006129,ship
006130,ship
006131,bird
006132,cat
006133,ship
006134,dog
006135,truck
006136,bird
006137,truck
006138,truck
006139,frog
006140,truck
006141,ship
006142,ship
006143,horse
006144,truck
006145,truck
006146,frog
006147,deer
006148,bird
006149,horse
006150,truck
006151,ship
006152,frog
006153,ship
006154,airplane
006155,deer
006156,airplane
006157,truck
006158,truck
006159,automobile
006160,dog
006161,ship
006162,ship
006163,ship
006164,frog
006165,truck
006166,ship
006167,frog
006168,truck
006169,horse
006170,horse
006171,deer
006172,horse
006173,frog
006174,ship
006175,horse
006176,deer
006177,truck
006178,truck
006179,horse
006180,truck
006181,airplane
006182,truck
006183,frog
006184,deer
006185,frog
006186,truck
006187,dog
006188,truck
006189,horse
006190,ship
006191,frog
006192,horse
006193,ship
006194,frog
006195,frog
006196,horse
006197,ship
006198,ship
006199,airplane
006200,truck
006201,truck
006202,horse
006203,deer
006204,ship
006205,airplane
006206,frog
006207,ship
006208,truck
006209,dog
006210,dog
006211,horse
006212,frog
006213,airplane
006214,horse
006215,bird
006216,truck
006217,truck
006218,truck
006219,frog
006220,truck
006221,deer
006222,horse
006223,ship
006224,automobile
006225,ship
006226,ship
006227,deer
006228,ship
006229,truck
006230,deer
006231,frog
006232,horse
006233,truck
006234,frog
006235,horse
006236,truck
006237,bird
006238,deer
006239,frog
006240,truck
006241,deer
006242,ship
006243,truck
006244,truck
006245,ship
006246,bird
006247,frog
006248,truck
006249,deer
006250,ship
006251,automobile
006252,ship
006253,ship
006254,horse
006255,frog
006256,truck
006257,truck
006258,ship
006259,truck
006260,airplane
006261,cat
006262,frog
006263,truck
006264,frog
006265,horse
006266,ship
006267,ship
006268,deer
006269,deer
006270,truck
006271,dog
006272,cat
006273,truck
006274,airplane
006275,dog
006276,dog
006277,truck
006278,frog
006279,bird
006280,ship
006281,truck
006282,truck
006283,ship
006284,frog
006285,airplane
006286,frog
006287,truck
006288,truck
006289,deer
006290,frog
006291,truck
006292,frog
006293,truck
006294,cat
006295,deer
006296,truck
006297,ship
006298,deer
006299,dog
006300,frog
006301,automobile
006302,horse
006303,ship
006304,ship
006305,horse
006306,bird
006307,truck
006308,horse
006309,deer
006310,horse
006311,ship
006312,ship
006313,truck
006314,ship
006315,frog
006316,ship
006317,truck
006318,deer
006319,truck
006320,deer
006321,frog
006322,truck
006323,ship
006324,frog
006325,deer
006326,ship
006327,truck
006328,truck
006329,ship
006330,truck
006331,ship
006332,automobile
006333,automobile
006334,frog
006335,deer
006336,ship
006337,ship
006338,deer
006339,frog
006340,truck
006341,truck
006342,truck
006343,horse
006344,frog
006345,ship
006346,ship
006347,truck
006348,horse
006349,ship
006350,ship
006351,ship
006352,ship
006353,frog
006354,airplane
006355,ship
006356,frog
006357,dog
006358,horse
006359,automobile
006360,horse
006361,deer
006362,ship
006363,dog
006364,truck
006365,ship
006366,frog
006367,airplane
006368,horse
006369,ship
006370,frog
006371,dog
006372,truck
006373,cat
006374,ship
006375,truck
006376,deer
006377,ship
006378,truck
006379,frog
006380,truck
006381,airplane
006382,frog
006383,bird
006384,frog
006385,ship
006386,truck
006387,truck
006388,frog
006389,frog
006390,truck
006391,frog
006392,truck
006393,bird
006394,truck
006395,truck
006396,truck
006397,frog
006398,truck
006399,ship
006400,bird
006401,horse
006402,airplane
006403,ship
006404,deer
006405,dog
006406,frog
006407,deer
006408,automobile
006409,ship
006410,horse
006411,automobile
006412,deer
006413,ship
006414,dog
006415,frog
006416,automobile
006417,horse
006418,horse
006419,ship
006420,horse
006421,horse
006422,truck
006423,horse
006424,automobile
006425,horse
006426,truck
006427,cat
006428,truck
006429,horse
006430,horse
006431,deer
006432,automobile
006433,ship
006434,deer
006435,dog
006436,truck
006437,deer
006438,ship
006439,truck
006440,ship
006441,ship
006442,truck
006443,ship
006444,truck
006445,truck
006446,dog
006447,ship
006448,frog
006449,ship
006450,truck
006451,airplane
006452,frog
006453,ship
006454,airplane
006455,horse
006456,ship
006457,automobile
006458,frog
006459,deer
006460,bird
006461,truck
006462,frog
006463,frog
006464,frog
006465,horse
006466,horse
006467,horse
006468,truck
006469,frog
006470,horse
006471,ship
006472,ship
006473,horse
006474,ship
006475,truck
006476,deer
006477,truck
006478,ship
006479,bird
006480,dog
006481,horse
006482,truck
006483,truck
006484,airplane
006485,truck
006486,ship
006487,truck
006488,cat
006489,horse
006490,dog
006491,horse
006492,truck
006493,horse
006494,deer
006495,horse
006496,truck
006497,frog
006498,automobile
006499,deer
006500,dog
006501,frog
006502,frog
006503,deer
006504,dog
006505,ship
006506,ship
006507,dog
006508,ship
006509,truck
006510,ship
006511,automobile
006512,horse
006513,ship
006514,horse
006515,truck
006516,dog
006517,ship
006518,frog
006519,ship
006520,airplane
006521,automobile
006522,horse
006523,ship
006524,ship
006525,horse
006526,ship
006527,horse
006528,frog
006529,horse
006530,horse
006531,horse
006532,truck
006533,frog
006534,truck
006535,dog
006536,truck
006537,truck
006538,truck
006539,ship
006540,truck
006541,bird
006542,truck
006543,horse
006544,truck
006545,airplane
006546,frog
006547,truck
006548,truck
006549,bird
006550,truck
006551,horse
006552,horse
006553,airplane
006554,horse
006555,bird
006556,truck
006557,ship
006558,frog
006559,ship
006560,ship
006561,horse
006562,deer
006563,frog
006564,ship
006565,frog
006566,truck
006567,ship
006568,frog
006569,ship
006570,truck
006571,horse
006572,airplane
006573,truck
006574,ship
006575,ship
006576,horse
006577,deer
006578,horse
006579,ship
006580,truck
006581,bird
006582,truck
006583,ship
006584,deer
006585,truck
006586,horse
006587,horse
006588,bird
006589,automobile
006590,frog
006591,frog
006592,truck
006593,horse
006594,ship
006595,ship
006596,ship
006597,horse
006598,automobile
006599,horse
006600,airplane
006601,frog
006602,ship
006603,ship
006604,truck
006605,deer
006606,truck
006607,ship
006608,frog
006609,deer
006610,truck
006611,bird
006612,truck
006613,frog
006614,ship
006615,horse
006616,truck
006617,ship
006618,ship
006619,ship
006620,frog
006621,truck
006622,bird
006623,truck
006624,truck
006625,frog
006626,horse
006627,frog
006628,horse
006629,automobile
006630,frog
006631,frog
006632,ship
006633,dog
006634,horse
006635,horse
006636,frog
006637,horse
006638,truck
006639,ship
006640,truck
006641,truck
006642,deer
006643,horse
006644,frog
006645,frog
006646,frog
006647,frog
006648,frog
006649,horse
006650,frog
006651,dog
006652,truck
006653,horse
006654,airplane
006655,horse
006656,truck
006657,dog
006658,frog
006659,horse
006660,ship
006661,bird
006662,horse
006663,frog
006664,dog
006665,horse
006666,frog
006667,truck
006668,automobile
006669,ship
006670,truck
006671,horse
006672,deer
006673,truck
006674,deer
006675,horse
006676,horse
006677,truck
006678,frog
006679,dog
006680,automobile
006681,horse
006682,ship
006683,cat
006684,truck
006685,truck
006686,truck
006687,ship
006688,truck
006689,frog
006690,horse
006691,automobile
006692,bird
006693,horse
006694,ship
006695,ship
006696,dog
006697,frog
006698,deer
006699,truck
006700,frog
006701,deer
006702,automobile
006703,truck
006704,bird
006705,truck
006706,ship
006707,ship
006708,frog
006709,horse
006710,deer
006711,ship
006712,dog
006713,deer
006714,automobile
006715,deer
006716,horse
006717,truck
006718,ship
006719,truck
006720,horse
006721,truck
006722,truck
006723,frog
006724,truck
006725,frog
006726,horse
006727,horse
006728,truck
006729,bird
006730,dog
006731,cat
006732,ship
006733,frog
006734,automobile
006735,frog
006736,truck
006737,truck
006738,automobile
006739,horse
006740,truck
006741,bird
006742,airplane
006743,dog
006744,airplane
006745,truck
006746,automobile
006747,automobile
006748,frog
006749,horse
006750,horse
006751,truck
006752,ship
006753,ship
006754,truck
006755,ship
006756,horse
006757,truck
006758,dog
006759,ship
006760,deer
006761,airplane
006762,ship
006763,frog
006764,frog
006765,deer
006766,horse
006767,automobile
006768,horse
006769,frog
006770,horse
006771,truck
006772,horse
006773,ship
006774,automobile
006775,frog
006776,frog
006777,airplane
006778,truck
006779,truck
006780,frog
006781,ship
006782,automobile
006783,deer
006784,ship
006785,frog
006786,truck
006787,truck
006788,ship
006789,frog
006790,deer
006791,frog
006792,deer
006793,truck
006794,cat
006795,truck
006796,horse
006797,frog
006798,horse
006799,truck
006800,frog
006801,ship
006802,frog
006803,truck
006804,ship
006805,ship
006806,truck
006807,truck
006808,ship
006809,airplane
006810,truck
006811,deer
006812,horse
006813,automobile
006814,ship
006815,truck
006816,truck
006817,horse
006818,truck
006819,automobile
006820,deer
006821,dog
006822,deer
006823,truck
006824,horse
006825,frog
006826,bird
006827,horse
006828,dog
006829,airplane
006830,airplane
006831,cat
006832,truck
006833,truck
006834,ship
006835,horse
006836,deer
006837,truck
006838,dog
006839,truck
006840,frog
006841,ship
006842,horse
006843,truck
006844,ship
006845,truck
006846,automobile
006847,frog
006848,bird
006849,frog
006850,truck
006851,automobile
006852,frog
006853,dog
006854,ship
006855,horse
006856,truck
006857,ship
006858,truck
006859,bird
006860,frog
006861,automobile
006862,truck
006863,horse
006864,truck
006865,horse
006866,ship
006867,frog
006868,ship
006869,automobile
006870,deer
006871,ship
006872,ship
006873,cat
006874,truck
006875,dog
006876,frog
006877,truck
006878,truck
006879,bird
006880,horse
006881,deer
006882,ship
006883,frog
006884,truck
006885,dog
006886,ship
006887,automobile
006888,horse
006889,truck
006890,deer
006891,frog
006892,frog
006893,frog
006894,ship
006895,horse
006896,horse
006897,bird
006898,frog
006899,automobile
006900,truck
006901,ship
006902,truck
006903,automobile
006904,frog
006905,dog
006906,frog
006907,truck
006908,truck
006909,ship
006910,frog
006911,dog
006912,truck
006913,ship
006914,bird
006915,dog
006916,truck
006917,airplane
006918,ship
006919,ship
006920,frog
006921,truck
006922,ship
006923,truck
006924,truck
006925,airplane
006926,automobile
006927,ship
006928,ship
006929,truck
006930,frog
006931,truck
006932,truck
006933,ship
006934,dog
006935,truck
006936,ship
006937,frog
006938,automobile
006939,ship
006940,horse
006941,automobile
006942,ship
006943,truck
006944,automobile
006945,ship
006946,automobile
006947,truck
006948,ship
006949,frog
006950,frog
006951,truck
006952,dog
006953,dog
006954,bird
006955,truck
006956,truck
006957,truck
006958,ship
006959,horse
006960,truck
006961,ship
006962,frog
006963,dog
006964,frog
006965,ship
006966,truck
006967,horse
006968,truck
006969,truck
006970,frog
006971,deer
006972,frog
006973,frog
006974,deer
006975,bird
006976,frog
006977,ship
006978,horse
006979,dog
006980,frog
006981,bird
006982,frog
006983,frog
006984,automobile
006985,truck
006986,truck
006987,deer
006988,ship
006989,frog
006990,frog
006991,horse
006992,deer
006993,ship
006994,truck
006995,truck
006996,dog
006997,ship
006998,truck
006999,horse
007000,truck
007001,truck
007002,deer
007003,frog
007004,horse
007005,truck
007006,automobile
007007,frog
007008,truck
007009,bird
007010,frog
007011,truck
007012,dog
007013,ship
007014,truck
007015,ship
007016,ship
007017,frog
007018,horse
007019,truck
007020,ship
007021,frog
007022,automobile
007023,truck
007024,frog
007025,truck
007026,truck
007027,ship
007028,deer
007029,airplane
007030,truck
007031,deer
007032,deer
007033,dog
007034,frog
007035,truck
007036,horse
007037,truck
007038,dog
007039,airplane
007040,ship
007041,airplane
007042,frog
007043,ship
007044,automobile
007045,ship
007046,horse
007047,ship
007048,deer
007049,horse
007050,frog
007051,horse
007052,ship
007053,frog
007054,horse
007055,truck
007056,horse
007057,ship
007058,horse
007059,truck
007060,truck
007061,horse
007062,truck
007063,truck
007064,horse
007065,deer
007066,frog
007067,frog
007068,truck
007069,horse
007070,frog
007071,automobile
007072,airplane
007073,frog
007074,truck
007075,frog
007076,airplane
007077,frog
007078,ship
007079,ship
007080,ship
007081,deer
007082,dog
007083,automobile
007084,truck
007085,bird
007086,horse
007087,frog
007088,bird
007089,truck
007090,horse
007091,frog
007092,truck
007093,horse
007094,bird
007095,frog
007096,frog
007097,frog
007098,truck
007099,truck
007100,airplane
007101,horse
007102,cat
007103,automobile
007104,dog
007105,horse
007106,frog
007107,truck
007108,ship
007109,truck
007110,truck
007111,frog
007112,ship
007113,truck
007114,truck
007115,dog
007116,horse
007117,automobile
007118,airplane
007119,ship
007120,ship
007121,dog
007122,frog
007123,truck
007124,frog
007125,horse
007126,deer
007127,frog
007128,dog
007129,ship
007130,ship
007131,truck
007132,automobile
007133,ship
007134,horse
007135,automobile
007136,airplane
007137,bird
007138,ship
007139,horse
007140,ship
007141,truck
007142,horse
007143,bird
007144,frog
007145,ship
007146,frog
007147,truck
007148,horse
007149,frog
007150,horse
007151,deer
007152,ship
007153,truck
007154,ship
007155,ship
007156,horse
007157,horse
007158,airplane
007159,truck
007160,horse
007161,frog
007162,horse
007163,ship
007164,horse
007165,ship
007166,automobile
007167,ship
007168,truck
007169,horse
007170,truck
007171,frog
007172,horse
007173,deer
007174,bird
007175,airplane
007176,automobile
007177,airplane
007178,truck
007179,automobile
007180,airplane
007181,frog
007182,frog
007183,truck
007184,truck
007185,truck
007186,truck
007187,bird
007188,ship
007189,truck
007190,ship
007191,frog
007192,deer
007193,frog
007194,truck
007195,truck
007196,truck
007197,frog
007198,truck
007199,frog
007200,deer
007201,dog
007202,deer
007203,horse
007204,truck
007205,airplane
007206,horse
007207,airplane
007208,frog
007209,automobile
007210,truck
007211,truck
007212,truck
007213,frog
007214,truck
007215,deer
007216,truck
007217,truck
007218,ship
007219,ship
007220,ship
007221,truck
007222,deer
007223,bird
007224,dog
007225,truck
007226,airplane
007227,ship
007228,airplane
007229,truck
007230,horse
007231,truck
007232,frog
007233,ship
007234,horse
007235,frog
007236,truck
007237,dog
007238,ship
007239,ship
007240,truck
007241,deer
007242,ship
007243,truck
007244,truck
007245,bird
007246,frog
007247,ship
007248,frog
007249,airplane
007250,horse
007251,deer
007252,ship
007253,ship
007254,automobile
007255,truck
007256,horse
007257,ship
007258,truck
007259,truck
007260,frog
007261,horse
007262,frog
007263,truck
007264,truck
007265,frog
007266,ship
007267,horse
007268,airplane
007269,truck
007270,airplane
007271,deer
007272,horse
007273,deer
007274,ship
007275,ship
007276,ship
007277,automobile
007278,frog
007279,frog
007280,ship
007281,horse
007282,frog
007283,horse
007284,cat
007285,horse
007286,truck
007287,truck
007288,airplane
007289,automobile
007290,airplane
007291,ship
007292,automobile
007293,horse
007294,horse
007295,ship
007296,horse
007297,truck
007298,horse
007299,truck
007300,frog
007301,horse
007302,dog
007303,ship
007304,airplane
007305,ship
007306,horse
007307,truck
007308,frog
007309,bird
007310,horse
007311,automobile
007312,ship
007313,automobile
007314,frog
007315,horse
007316,horse
007317,horse
007318,ship
007319,ship
007320,horse
007321,dog
007322,ship
007323,frog
007324,horse
007325,horse
007326,frog
007327,ship
007328,ship
007329,frog
007330,automobile
007331,truck
007332,cat
007333,truck
007334,ship
007335,truck
007336,deer
007337,frog
007338,ship
007339,truck
007340,truck
007341,dog
007342,dog
007343,deer
007344,frog
007345,truck
007346,deer
007347,deer
007348,ship
007349,horse
007350,deer
007351,horse
007352,frog
007353,ship
007354,ship
007355,ship
007356,truck
007357,truck
007358,deer
007359,truck
007360,frog
007361,ship
007362,truck
007363,truck
007364,truck
007365,frog
007366,frog
007367,frog
007368,horse
007369,frog
007370,truck
007371,cat
007372,frog
007373,truck
007374,frog
007375,deer
007376,horse
007377,ship
007378,truck
007379,horse
007380,frog
007381,ship
007382,frog
007383,ship
007384,truck
007385,frog
007386,frog
007387,ship
007388,horse
007389,ship
007390,airplane
007391,ship
007392,frog
007393,horse
007394,truck
007395,ship
007396,airplane
007397,frog
007398,airplane
007399,dog
007400,frog
007401,horse
007402,ship
007403,bird
007404,truck
007405,horse
007406,truck
007407,frog
007408,ship
007409,horse
007410,horse
007411,automobile
007412,airplane
007413,truck
007414,deer
007415,ship
007416,frog
007417,truck
007418,truck
007419,horse
007420,airplane
007421,truck
007422,horse
007423,dog
007424,truck
007425,airplane
007426,deer
007427,frog
007428,ship
007429,truck
007430,airplane
007431,frog
007432,automobile
007433,truck
007434,dog
007435,truck
007436,truck
007437,deer
007438,deer
007439,horse
007440,truck
007441,frog
007442,automobile
007443,bird
007444,ship
007445,horse
007446,airplane
007447,deer
007448,frog
007449,dog
007450,ship
007451,horse
007452,truck
007453,horse
007454,ship
007455,horse
007456,truck
007457,horse
007458,horse
007459,airplane
007460,truck
007461,ship
007462,ship
007463,deer
007464,cat
007465,ship
007466,truck
007467,dog
007468,airplane
007469,horse
007470,automobile
007471,frog
007472,truck
007473,ship
007474,airplane
007475,truck
007476,ship
007477,frog
007478,frog
007479,automobile
007480,truck
007481,deer
007482,truck
007483,automobile
007484,truck
007485,truck
007486,frog
007487,automobile
007488,frog
007489,truck
007490,horse
007491,horse
007492,airplane
007493,ship
007494,ship
007495,frog
007496,horse
007497,truck
007498,frog
007499,ship
007500,airplane
007501,deer
007502,truck
007503,bird
007504,automobile
007505,dog
007506,horse
007507,truck
007508,truck
007509,ship
007510,truck
007511,ship
007512,frog
007513,automobile
007514,dog
007515,horse
007516,airplane
007517,truck
007518,truck
007519,truck
007520,frog
007521,bird
007522,ship
007523,truck
007524,airplane
007525,truck
007526,truck
007527,frog
007528,frog
007529,truck
007530,frog
007531,airplane
007532,ship
007533,truck
007534,horse
007535,truck
007536,frog
007537,bird
007538,horse
007539,ship
007540,ship
007541,truck
007542,horse
007543,horse
007544,horse
007545,ship
007546,frog
007547,frog
007548,dog
007549,ship
007550,bird
007551,truck
007552,truck
007553,ship
007554,frog
007555,truck
007556,ship
007557,frog
007558,ship
007559,airplane
007560,truck
007561,ship
007562,truck
007563,truck
007564,truck
007565,horse
007566,dog
007567,ship
007568,ship
007569,ship
007570,horse
007571,truck
007572,airplane
007573,bird
007574,ship
007575,truck
007576,dog
007577,ship
007578,ship
007579,automobile
007580,ship
007581,deer
007582,bird
007583,horse
007584,deer
007585,frog
007586,horse
007587,horse
007588,deer
007589,airplane
007590,frog
007591,frog
007592,horse
007593,ship
007594,frog
007595,airplane
007596,airplane
007597,horse
007598,ship
007599,horse
007600,dog
